"","V1","V2","V3","V4","V5","V6","V7","V8","V9","V10","V11","V12","V13","V14","V15","V16","V17","V18","V19","V20","V21","V22"
"1",0.0193695677453073,-0.0356474045783617,-0.00424361735648305,0.0136062154076432,-0.0518901736530424,-0.0347446798439232,0.0478391900038634,-0.0265924866307427,0.151774833527832,-0.123007378288012,-0.26517774147485,0.0233718500322331,0.0051956595371251,0.362686808514899,0.340764141946791,0.170882097970406,-0.0592288268627064,-0.0393907435483757,-0.117827301898462,-0.0114723865482424,-0.217187924314574,-0.239723132971445
"2",0.0232713391682769,-0.0480932224791825,-0.00431902088662511,-0.00412935786550063,-0.067176230861452,-0.0579589833415937,0.160172614836377,0.00119091235483575,0.195925636581427,-0.246909528967385,-0.375844987894617,-0.0757000423519295,0.022159510855406,0.000641137259989877,0.0120276767105452,0.0876360367284246,-0.00194282306778826,0.055887405492717,-0.228308175228745,-0.151165285390635,-0.0594333306897238,-0.138925890976325
"3",0.0255353089095903,-0.0584467882411852,-0.00309107185282798,-0.0256990422494237,-0.0759460750080844,-0.0761910602950757,0.223169030133903,0.038178672721267,0.155709723990301,-0.219356032891337,-0.280615697574634,-0.0991986658691553,0.00892110014611623,-0.203579651450858,-0.185013514918409,-0.00738124722470299,0.0274378926806042,0.0686184709832742,0.0213158444857018,-0.0286590949317653,0.0895403282501786,0.0746596650955739
"4",0.0306599828553626,-0.0780559459834745,-0.00110868341939584,-0.0561248198685426,-0.0854651361346535,-0.0953584351017787,0.27612594155513,0.0709695185297823,0.13188186352914,-0.199326127492361,-0.230399447008931,-0.102046893247491,0.00443326704657222,-0.205261813704516,-0.167890825315883,0.00956885312668163,0.00735739018152837,0.0161562827064635,-0.0180650902053078,-0.0389728742800052,0.111641626973967,0.136237787505392
"5",0.0310572609827811,-0.0875835672639765,0.00329401826985196,-0.0924457409083205,-0.0577570445730008,-0.0812647823742043,0.214788821329061,0.0982698858329458,-0.0687404424527135,0.0549536810591325,0.148572437943539,0.00943547630372582,0.0143930384466357,0.0297003749406915,0.076532557178654,-0.0321790508129837,-0.137244147990428,-0.297990013634759,0.344569845890552,0.239471878502506,0.035964036381283,-0.0470241989340019
"6",0.0412781908724356,-0.120600820500303,0.00416765759387931,-0.126085915435899,-0.100260225294588,-0.132189228502062,0.350133572329596,0.147698598168033,0.00517720699701474,-0.0257001389772259,0.0576440082208405,-0.0425779936603252,-0.030850934790885,-0.116162713690552,-0.0846167646071712,-0.0138159454474774,-0.00535651468351332,-0.0182023232790019,0.254654183081264,0.171035631469145,-0.028369681081211,-0.00470729582343254
"7",0.0201531086134137,-0.0387367816055507,-0.00391585454193412,0.031288768218389,-0.0827088710400966,-0.053247684332995,-0.0271978760406631,-0.0186853842754743,0.142067110106102,-0.0107051802301901,-0.162834176711275,0.0751496488850452,-0.0323232316580714,0.430746400491228,0.347086280970198,0.164789413211278,-0.0690299172465627,-0.0719224409889037,0.16795419115807,0.135320206050249,0.0106007780634028,0.110692867706671
"8",0.0506388211645582,-0.163395537063921,0.0136581742565107,-0.198754089074551,-0.0530532985376128,-0.103149009405428,0.255550844266619,0.154609347241331,-0.0847667111850544,0.0670459026090496,0.164798850451911,-0.00842068292563027,-0.0112802330985885,-0.00102805700260664,0.0404068268465484,0.035405830313555,-0.0376694970704443,-0.0894396988547177,-0.070066115323909,-0.0224031432612208,0.0287586543894484,0.0679170443886635
"9",0.0528692838494088,-0.175855577850439,0.0176383493730182,-0.225676270797646,-0.0196434819953987,-0.0749913180126749,0.156937625383654,0.138815571526416,-0.151441550710694,0.127893913637564,0.200328918450549,0.0241057203255874,0.0491714853018727,0.100833119454675,0.097201394603282,0.0432395778158803,-0.0894385980040394,-0.075931689446368,-0.0445956638835486,-0.0598209954157562,0.0127048790967549,-0.081024306468512
"10",0.0417579395018867,-0.129463255196842,0.00964083057780352,-0.127832662492462,-0.0747771630855713,-0.0984733624774774,0.142233705419217,0.11798533756562,-0.0200688352024212,0.145651819605563,0.207823563014149,0.055764253552997,-0.13910713796796,0.0701792293805317,0.0058575378646685,0.0317687545152982,0.212872620977726,0.395444104358611,-0.13508390349474,-0.0301841286861369,-0.291599853490399,-0.170385235706656
"11",0.0509713007151268,-0.174800231138265,0.0229375432005462,-0.230272002353707,0.0658124330471418,0.0159575426169268,-0.0924547607009566,0.042749941281674,-0.146519236770363,0.053287568141473,-0.0150142106336921,0.000689162817240848,0.176459837050424,0.0798441524330098,0.0205220408277792,0.05266143523331,-0.156250239952509,-0.0610506408277127,-0.206364656737156,-0.287510179380777,0.291799906572641,0.144682522911475
"12",0.0316651727831992,-0.0752576436186272,-0.00215604652664558,0.112232495682659,-0.244027407095205,-0.16043467903664,-0.203239757359012,0.0389949816253745,0.165621528966827,0.134386341081738,-0.0400947887624397,0.0711972698442202,-0.0790384347566118,0.160905652087112,0.0259975950290924,0.0780677638277507,-0.0198562212869667,0.00289663542664515,0.18368645892072,0.0584036712720856,0.223906755481705,0.234825367491429
"13",0.0306244787872664,-0.0759394595186405,-0.000942785515059608,0.061804095032678,-0.204150554051311,-0.145246509192571,-0.126996085580156,0.053904765508614,0.137159116568834,0.185791226839407,0.0633235202453347,0.091090390668751,-0.144443773196056,0.073345588912863,-0.141423524820879,0.0243966770767789,0.158284013541523,0.452321045765071,0.039497012929068,-0.0923093416697703,0.0435055731844116,-0.025929840692527
"14",0.0669759947888366,-0.23905566458372,0.0387928059372593,-0.266778117643052,0.122473678903325,0.0640435400090494,-0.136552207030349,0.0272469268661534,-0.0115684406346661,0.0329000024596674,0.0798787721760824,-0.00760738715521748,-0.117871964695223,-0.0248841833884385,0.0579126511375881,0.0343467189818061,0.127102282498246,0.00512965103952218,-0.252058806493567,-0.0218162213634337,-0.126644768357771,0.0185323974766013
"15",0.0505108227096941,-0.174094166363944,0.0249902803391354,-0.223349342356443,0.098751712187368,0.0546928992675375,-0.196466262682605,-0.00370798730849037,-0.110219230295595,0.0119963076679358,-0.106131145701449,-0.00714202087008965,0.16987320691891,0.0379653324677288,-0.0421341613525722,0.022192152258158,-0.0934007107622434,0.0308549951847808,0.0391330265943521,-0.0828739334380208,0.0904222695073692,-0.0345521315102302
"16",0.0332049808315475,-0.0842743697764868,0.00179864768104415,0.147658369092399,-0.25487700348486,-0.161279645365512,-0.227451520815636,0.0603826959865834,0.07151603004792,0.0971970615637644,0.0303030036402735,-0.00388754825905259,-0.01939923593066,-0.0978790438594697,-0.112884475057491,0.00151226366328666,-0.0420601089831933,-0.0434818196255455,-0.025099065833175,-0.0421090387946485,0.0348270669299866,-0.0444376964706363
"17",0.0332260961498439,-0.0843392950771948,0.00180114877741591,0.147749713569897,-0.255106829181606,-0.161442390816098,-0.227627190664785,0.0604583235192049,0.0717279679616344,0.0974910902321589,0.0304094773922106,-0.00371381895578175,-0.0196947465377243,-0.0976345590975435,-0.113205621603825,0.00166568231635505,-0.0416633312460346,-0.0419214457272979,-0.0248332791494116,-0.0424590782022407,0.0350820223165792,-0.0445300323089288
"18",0.0494760015066084,-0.172328806604215,0.0297326464511113,-0.183222549214475,0.135006366201197,0.100845163878788,-0.246907360309599,-0.0490889604020064,0.00235746732549001,-0.0532957636392153,-0.131167103980832,-0.0289883643964416,0.0332668268408039,-0.0613951807807659,-0.0790159112262267,0.00523622411773825,-0.00945216201852647,0.0241299276679541,0.145750488997921,0.0799867990559624,-0.000346373547663037,-0.00220381818976638
"19",0.0450394050817401,-0.152489571813592,0.0223708031029151,-0.187832760306826,0.10243346189685,0.0690377537490474,-0.22976816103396,-0.0339265433025144,-0.0665189063602096,-0.0267130591082195,-0.167764787354906,-0.0159313917650642,0.150356773923596,-0.00713256040221635,-0.089352958677816,-0.00155915259742889,-0.0422158745309891,0.0780936178671435,0.0833724760833728,-0.0299420307016663,0.0699228748972106,0.0308001373107781
"20",0.030214153931363,-0.0960479478777647,0.0231471901185552,0.00202503698684656,0.0828040920899681,0.0822154098370037,-0.0232910267704547,-0.0512303265220689,0.216709611491123,-0.0477507704897545,0.13904909905062,-0.011388718574788,-0.325388074205309,-0.0922188088483312,0.152282452452427,-0.055973179437452,0.179469892591258,-0.257283227461869,-0.332466677831586,-0.0196263345117031,0.069107588508784,0.200581690389889
"21",0.032352619194321,-0.0860588115031175,0.00519773482563419,0.173048835594108,-0.220045036160625,-0.129085596764941,-0.204619112915786,0.0656473353911068,-0.0581076113382222,-0.0230544401184983,0.018046162301871,-0.0769772721382413,0.0729381677843653,-0.146897125579061,0.0326096813085093,-0.0256349259788813,-0.0507310623079999,-0.306542470954004,-0.084808193609429,0.0631110132716175,-0.0696372491167195,0.0142279949389582
"22",0.0434932249173982,-0.164168182837136,0.0504961044395302,0.031886214819226,0.183843997085815,0.172860432682413,-0.0830588858172775,-0.072596414622184,0.250501737262744,-0.0924011099562381,0.123248230491615,-0.0378016178888607,-0.319546714707757,-0.129303740142957,0.022171858751015,0.0131011034945713,0.05998440854368,-0.0924447486338367,0.0958512431171216,0.164759118308795,-0.0901288836297406,-0.037123531647876
"23",0.0437562615856073,-0.14900955691615,0.0259162192110773,-0.144903707722611,0.121307840351348,0.0965913626851978,-0.224810637159288,-0.0580794783853767,0.0434778544351992,-0.0689242113217423,-0.126634309714118,-0.0288343465241149,-0.0312983476943629,-0.094699193918168,-0.088676231083804,-0.0230602842968583,0.0744791629311023,0.0599288970097965,0.289364828955234,0.276204225013636,-0.227197854273618,-0.132486748731857
"24",0.0331337160222624,-0.107876048957901,0.0227524759787766,0.24907743979758,-0.129715201280455,-0.0501126707112394,-0.130857368609534,0.0790670124696023,-0.19274891808909,-0.132938820090065,0.0758484547083909,-0.133575678701202,0.121237104263663,-0.172797978138206,0.0367163823749262,0.0156963108862188,-0.099767472418719,-0.117473880518275,-0.13625293215867,-0.0197472108566952,-0.224053178341373,-0.197496345201627
"25",0.0273977206393593,-0.118710027452989,0.0600713293827677,0.190932351343237,0.157672946090347,0.157509069265597,0.0826696843052764,-0.0592896417302052,0.252692300510654,-0.0139151120757575,0.195145678214206,-0.0193373876567462,-0.11548802725485,-0.0220750057066427,0.0573797352609135,-0.00423660210181531,-0.0639890212035171,-0.0663639012568512,-0.0140542489880445,-0.172039675735303,0.237931608959475,0.022262537836961
"26",0.0220324000955726,-0.136860746524498,0.0617988256429723,0.302571756062511,0.14184000537696,0.14418286221981,0.0638223165717024,0.0429421111662062,-0.116972681617344,-0.128367215639342,0.0964756190110714,-0.0510141358324347,-0.0332593973414722,0.0178719250982277,0.015728900420568,0.0818520176034756,-0.0449115517880757,0.131232803292146,0.0824941292634351,0.0173913087231517,-0.0212734589130673,-0.0241256738576056
"27",0.016379741371562,-0.11129963012043,0.0706117969839438,0.218630612928856,0.173696488805282,0.151248861914074,0.111622692135266,-0.0366791848703486,0.187620499660993,0.0930089836662248,0.10365970674104,0.031457411034016,0.047841095981992,0.048886433992397,-0.134016543023508,0.0717282021775638,-0.238821497570178,0.0692392009711236,0.129346736798097,-0.0911737296377988,0.0357991073749752,-0.109296838365213
"28",0.0237820720758001,-0.0943504397196455,0.0219793967976487,0.231066059481399,-0.0201490749246501,0.0204475172015663,-0.0251332627414226,0.0810293508641542,-0.321399861696047,-0.218530863370691,0.0198072694989116,-0.112731932067628,0.0987928842733867,-0.0311584145094238,0.175135165452934,-0.0258457018116313,0.149411411165239,0.0170557338395165,-0.0380835670234835,0.0658761439309602,-0.0747562212404573,0.0550921170124289
"29",0.0174512842510921,-0.117381650663569,0.0546782315479626,0.298073950395395,0.110640101919863,0.113014480441403,0.081304637509555,0.0586186316133135,-0.186883403794255,-0.100669873731592,0.0582423043338398,-0.036506240275739,0.0818417429953457,0.0738299644208083,0.00416176547198976,0.0752400610286242,-0.0731569869716622,0.186686780515251,0.0201779454049972,-0.0882484572422363,0.0488031069850972,0.0148042934340354
"30",-0.0188693408701715,-0.0496033230035899,0.0997804072915175,0.121434734183979,0.105631030128757,0.0512367103975968,0.112940667003187,-0.0807063997892743,0.24557229742592,0.290697504756784,0.00136273066592203,0.0272951630014929,0.348309198473669,-0.00823756772753362,-0.028803024110239,-0.104594562864864,0.0540551292267995,-0.0791928579771924,-0.0213855092271447,-0.0735883417694772,0.0202203138176403,-0.0534448410315537
"31",-0.0234350257989066,-0.0568525297671429,-0.0030500658184028,0.175677521825907,0.0857799843867914,0.0450313242893667,0.0407853528904035,0.129515758348759,-0.30962110776822,-0.0934597752336808,-0.124953910699804,0.0479838585440144,-0.0954295408385263,0.124112022841289,0.0721710587253038,-0.0790477857286842,0.36283717646551,0.116060008025551,0.087063850449,0.0449597550817068,0.249182833731125,0.184346702969992
"32",-0.0752615565429004,-0.0425325491000575,0.095255525985789,0.193172632706897,0.178700178270982,0.056413360484029,0.114691945527609,0.0598196752740523,-0.0293070567257589,0.299915500128211,-0.160972689809179,0.130034305175912,0.0975606443161588,0.0749024597638151,-0.26015585024213,0.0994167006638745,-0.144887457225697,-0.0197646468141495,-0.115489890827755,0.103730311374038,-0.190386801223516,0.0567157648995749
"33",-0.181191579677287,0.0407292702609248,-0.162329886578466,0.0487265468544519,0.13111280117724,0.00436209993498238,-0.0101885721549768,0.229648678609526,-0.0799023168923867,0.104417411632073,-0.174373191637305,0.145621867404508,-0.132768529448508,0.0462465833740305,-0.0781558361903856,-0.115768304057177,0.0832553664577435,-0.0989512780698308,0.0430959887306426,-0.0911199635380206,-0.112490573655702,0.247486677164918
"34",-0.217324538061332,0.0679547051934805,0.0257622456939928,0.0340968134927878,0.123882209113216,-0.0422271505102363,-0.000602590529905544,0.147522330378607,-0.142195758095986,0.159724717660637,-0.211699686647822,0.0990519695255295,-0.197675583717914,-0.000192508482408937,-0.0746385955087909,0.0103401011643185,0.153754654563856,-0.147407707197257,-0.0793280315911068,0.10377234558956,0.231802880453103,-0.302806159655652
"35",-0.0563717150527418,0.00845730935439365,0.136650547072043,0.00733870238438005,0.000880561092851783,-0.0380338241441817,0.0399951971421853,-0.114406478140374,0.131025059727452,0.141027318974095,0.00600261070048966,-0.095066219279654,0.370675779911785,-0.0813576364533694,0.235022208285809,-0.207923910612667,0.415823931026428,-0.00382394003912878,0.0869023019625948,-0.0170661879399654,0.00714954683088576,0.0207214836509799
"36",-0.219944212239634,0.0898824015407111,0.177522701960687,-0.0117902407166196,0.0647235610124558,-0.0669248620406234,-0.00277925173192703,0.0195844167514986,-0.0869976040223071,0.117329325231524,-0.11200499563657,0.0268908145876461,-0.148557792781727,-0.0395355443109869,-0.0854319112983134,0.13597084606151,-0.145171536186192,-0.0357845973154651,-0.127128020413689,0.127961012678382,-0.178319100509948,0.233728278941296
"37",-0.207556650817696,0.0795415646734321,0.237051116913272,-0.000132645910914491,0.0584263645421667,-0.0655079740782202,0.0307470382679859,-0.0726679498130937,0.0403211621467527,0.209462564851941,-0.0554208344408262,-0.0501678689715843,0.16941110757901,-0.097079045789708,0.0504845350437981,0.031863282136869,0.0708722684356045,-0.0222759932531021,-0.107239639200202,0.127015993851384,-0.0728765369209088,-0.00651250456965952
"38",-0.164595109893174,0.046062481538108,-0.25599283799356,-0.0106045301906204,0.0666401482724458,0.00999421323455073,-0.0415292784768463,0.161237834220348,0.0542043477696614,-0.00174508903585286,-0.0116299227794498,0.0446155638699008,-0.029152241268901,-0.044640264117526,0.0714059559795247,-0.146382085188633,-0.0140347196636513,-0.0546847259901155,0.115881225083789,-0.215148864449733,0.0184029053861505,-0.260500236133042
"39",-0.286492877898949,0.117282063613541,-0.0554977008553331,-0.0532164510753254,0.0574926766489777,-0.0436583575078914,-0.0544517529155091,0.0831393044327107,0.0166477019386963,-0.0117480899155121,0.0255277282368287,-0.0401182360467323,-0.0642396987167942,-0.116633237636557,0.126538937559791,-0.00970560337614478,-0.12948542907104,0.0420456372785794,0.063737672682682,-0.124509864565555,-0.125586642864688,0.0540655941391897
"40",-0.207075687218341,0.10466265170056,0.236066432688521,-0.0607822990033803,-0.0236093147373973,-0.0578207975850958,-0.0192253989368772,-0.0782641959355646,-0.01958604757303,-0.0390583530220746,0.0431153534876963,-0.0802751546530973,0.00662225603819947,-0.0299278967912549,0.0860859602158238,-0.0080559331605404,0.131028745186373,0.0120693230561418,0.0518223315572623,-0.00500208535614981,0.117934166026053,-0.109570753202057
"41",-0.183621563843656,0.095640612155551,0.231894132045896,-0.0653155764769551,-0.04539100461389,-0.0498792714520181,-0.0184899301987346,-0.109344315019226,0.0198561989664647,-0.0833936248051963,0.10414728726997,-0.113879480362268,0.0815596703721081,-0.0293308138591878,0.121081712110127,-0.0167780665265238,0.0564984183884739,0.0962769113139079,0.10517024647746,-0.0731183335690457,-0.0569591157961827,0.155175040939384
"42",-0.118651157752304,0.0243535277166779,-0.294754412927416,-0.00846796568343836,0.0273587306877234,0.039292455386485,-0.0254052697342336,0.0892354689463108,0.099396448345514,-0.0310471755216089,0.0625038220545719,-0.0112016405245677,0.1213357267119,-0.0113378324695558,0.0607946991157758,-0.0844865747627256,-0.0121316097655192,0.0398479444928506,0.067946133923497,-0.0953026160909178,-0.219864359500994,0.265487504848502
"43",-0.14845202128125,0.0401950239687038,-0.299046798761896,-0.0187835939345087,0.0284748172736853,0.0387175480055311,-0.0349126633950975,0.09318098119304,0.0971819194294442,-0.0556250251317486,0.0907284655371724,-0.0294219318135772,0.104070391933924,-0.00218711268602001,0.0303493983081189,-0.0266133352608095,-0.0363791379882982,0.0442888704773962,0.0423194029862993,-0.0602429663235086,-0.088136732988452,0.115361210027574
"44",-0.171527850565843,0.0489091033866807,-0.295993533514746,-0.0140049458021706,0.0503026136192805,0.0310512458090173,-0.0354067797604636,0.12409053296138,0.0583369781219003,-0.0105331328972336,0.0296837956924965,0.00376292079410991,0.0317922479863919,-0.00251809076081474,-0.00380690414848459,-0.0194428035405829,0.0441361365802796,-0.0406315120885805,-0.0105235492055634,0.00903871748287012,0.0910105125157666,-0.153053402679362
"45",-0.288967545659339,0.130719461477385,-0.0203297886662505,-0.0676083363749448,0.00457667519902624,-0.004031357351523,-0.0459658377200095,0.0162046035562056,-0.00858473992762765,-0.0865625174246608,0.0960721948607734,-0.0529383388071616,-0.0476134542000753,0.023264229092054,-0.0682196804909957,0.11455487077681,-0.0450035997246206,0.00757453402220649,-0.0390913628858386,0.0536077430266142,0.17438508107012,-0.172708829601204
"46",-0.201912750453811,0.104118676444711,0.215680725648131,-0.0623766655568641,-0.024350248299078,-0.0501573282817062,-0.0279205408531143,-0.0536697598146905,-0.0559658464597637,-0.0829052580351688,0.0430580712173361,-0.0466677867143463,-0.131423568561699,0.0061613042863204,-0.023521728086984,0.0981492222892657,-0.0968600628069286,0.0147070518077746,-0.00418399569088997,0.00247353283955026,0.114884238547946,-0.131673247911639
"47",-0.17251110766027,0.110238513505004,0.223309092685032,-0.074812826695431,-0.0809029822780252,0.00902479594499402,-0.0256372275440925,-0.06943779374549,-0.0146915214491264,-0.159421710271157,0.113470137093183,0.0174036497999195,-0.0444493222426949,0.0178049818328821,-0.0156958774268731,0.00849076561816918,-0.222571721486563,0.106445573088202,0.0160301051605563,-0.0591320974744404,-0.128990178651751,0.228682975018925
"48",-0.131356051790025,0.0277992172458838,-0.321773940247926,-0.024214432968982,-0.0348659729197539,0.0570034948693085,0.00509972580225125,-0.120601424983571,0.0347119209640559,-0.0329879460076656,0.126520371148012,-0.0768283790656374,0.109842042597818,-0.0511982225817841,0.0471188922633704,0.096909912458607,-0.087918017974811,0.125486877905302,-0.0518809313284243,0.102670966349691,0.0680339270141609,-0.0976012305847902
"49",-0.0760137630594668,0.108996808579579,0.177612247124072,-0.0763653844807872,-0.173432490463272,0.146746966551965,-0.0137894693749361,-0.0420250028574032,-0.00389173622936846,-0.25268927332724,0.158666869437756,0.072736869698797,0.00406988253173999,0.222322610996385,-0.206377200878623,-0.0880456692588108,0.0401956674577897,-0.0475857318965984,0.097863230930233,-0.157927785812851,0.0774979264196854,-0.116241122495614
"50",-0.0728132735761598,0.0249679060638587,-0.270469882295781,-0.0202299665567803,-0.0868798551084771,0.112088045074918,0.0295812474282736,-0.167951315034227,0.0100712610580974,-0.0246671161273104,0.129794656165581,-0.111908240643629,0.157581048245644,0.100801370979315,-0.166852561892851,0.244264481900198,0.112611293357338,0.0177427917543153,-0.188627318502771,0.331589703331904,0.0946295735200752,0.119725908598478
"51",0.0637023296348908,0.122598716045858,0.0862938586936117,-0.0486534287401791,-0.193777883061931,0.275149043172413,0.0104209518822318,0.0692053773383966,0.00899783508052264,-0.0995039867492754,0.0260318352133109,0.280007881780428,0.0432313115243714,0.0209664861497947,-0.0520925993558411,-0.161714259311399,-0.0835328430846654,0.012178542184475,-0.0517810543649057,0.0154890814332823,-0.0926812017441554,0.112065076579182
"52",-0.00618946787800309,-0.0315369947049075,-0.158514027035639,0.00713096714560115,-0.110045944334895,0.0497069995545586,0.0908986406787417,-0.38573277655997,-0.151067865880138,0.0916574560339121,-0.0297394028271314,0.00768998837595885,-0.0609881054602421,-0.0379386828178452,-0.0150713230702846,0.0533476456627167,-0.00846729706953858,0.0182346417243489,-0.0414030461383495,0.0625399036043186,0.0382854220083466,0.00263211316484698
"53",-0.0064312994250586,-0.0314195825321206,-0.159450827168207,0.00703065446908901,-0.110213711246968,0.0501071451872767,0.0908556683435681,-0.385917487198865,-0.150542595016198,0.0911809376553334,-0.0285132039795959,0.00659548724876207,-0.0591676357743632,-0.0371678667061041,-0.0163612521601204,0.0564288621157674,-0.00770405822070553,0.0193519495701029,-0.0445656345488668,0.068309762416432,0.0406005104850247,0.00391278088028906
"54",0.102863610312347,0.150957917787131,0.00754888095850059,-0.041600475377487,-0.160712018633047,0.271032574522079,0.0136857974343882,0.0546158042332903,8.62996153623995e-05,0.00595345942281412,0.0349449246587416,-0.0994330433551174,0.0486549464737081,0.201685540995314,-0.266680502172815,0.122805925535495,0.228594530153095,-0.198504332907749,-0.015495192675731,-0.0150452321023644,-0.0835093087660468,0.0372397321521239
"55",0.101609121447584,0.136016179540164,0.0522768658419096,-0.0397962827352966,-0.174657712001278,0.284945709005422,0.0133246472486084,0.098962427127664,0.00695577889441378,-0.0147076620506075,-0.0182382432379614,0.176266889602492,0.0350117289685326,0.0259704333085415,-0.0518010183641937,-0.140472822763558,0.0551942629661731,-0.0764558636413702,-0.0290968938843376,-0.00208475406431458,-0.0180131459337946,-0.150063722539733
"56",0.0147510542821863,-0.0380487845990878,-0.0713008733371168,0.0140699086045729,-0.0883545433640792,0.0180124397597561,0.0839403973719198,-0.325225189989245,-0.16447263825152,0.109280513264132,-0.107869763424287,0.0752067464482237,-0.162686955144339,-0.0604698652605704,0.0425166321706533,-0.128153718695129,-0.0235112579604188,-0.0687007389931314,0.127506188281681,-0.244202143661378,-0.0945264742017669,-0.0203317253759488
"57",0.189933575024744,0.224845090323056,0.0140457337283723,-0.029874279147962,-0.0513535368213419,0.172289147752366,-0.00380472094607487,0.105678323157501,-0.0145985054679934,0.0973419028083054,-0.0427370035331637,0.00260245455494976,-0.011631070455462,-0.128196773383176,0.0926274570496277,0.0968153090368108,-0.00717895732574858,0.0197839063612843,0.0079786247893797,-0.00205336232536697,-0.0102585601595963,0.017234265706987
"58",0.0997395441484734,0.104052938877499,0.023167054690861,-0.0192932658991405,-0.0974355328564207,0.177734975506799,0.0110830199964981,0.0847037556929771,0.0088645050295088,0.0355235922786051,-0.0687987618465422,0.283286338049974,0.0313223741450237,-0.25016022070662,0.267255001659462,-0.137293098911255,-0.177943100495032,0.197277071032679,-0.11926576516319,0.230483207647065,0.146725769473297,-0.0245835303494513
"59",0.0147765111879412,-0.0378988168052388,-0.0703825475512612,0.0140269841532763,-0.0875810817819338,0.0176475275854636,0.0832008608786902,-0.322007997353624,-0.162822367319243,0.108230671722497,-0.107528759140021,0.0751098436523619,-0.161815357492051,-0.0598439645333165,0.042803683342202,-0.129271487701577,-0.0233395634013231,-0.0691402702903062,0.128651466545774,-0.245956960285394,-0.0957449015369599,-0.0204515152775053
"60",0.176866563299471,0.196268160823408,-0.0131209015765672,-0.0117786630514996,0.0565695990824574,0.00203174341026065,-0.0148424590966725,0.0416098154129515,-0.0237409937876809,0.121952218183271,-0.0194496344676023,-0.35583998075723,-0.080471271121378,0.0494800970557021,-0.0197169023700438,0.114906395711255,0.0157283052613823,-0.0136372041151234,0.0767718874280202,-0.0996650474538232,-0.0230410292805642,0.0630165370299046
"61",0.18787791205305,0.213545465969338,-0.0056265322327262,-0.0179127090899309,0.0262737498581214,0.0542065924935768,-0.0122629716931958,0.0626605538065884,-0.0220523047486432,0.118443890425752,-0.0248785855814246,-0.295039405303766,-0.0677761074648632,0.0576779519087596,-0.0414234884997466,0.0481700384494453,0.0454120086885638,-0.0573862586469537,0.0585767911384699,-0.101762955034001,-0.0364907350983027,-0.0682111718712386
"62",0.189483940849432,0.223980563544413,0.0139903927879971,-0.0295910360649989,-0.0503979732825291,0.17038376642615,-0.00384157642868008,0.105152788857452,-0.0143675639104392,0.0961853521524357,-0.0432069177869135,0.0110150191867507,-0.0107843934737252,-0.135363556251398,0.100872604766959,0.0920185789705038,-0.013966710273424,0.0274408427199444,0.00462846480254451,0.00497217713220016,-0.00314906085002377,0.0127531270629484
"63",0.198930371991274,0.212096207722971,-0.0176000407220244,-0.00365022670155316,0.121242918267169,-0.100188668274498,-0.0228783825894494,0.00935880143273653,-0.0184731684987203,0.0399212289514623,-8.9199211020423e-05,0.000468029023788754,-0.0223126317121979,-0.173096774340334,0.179923760088407,0.0842052532242688,-0.119853274694876,0.163087054789203,0.00342513756020723,0.0733095693359885,0.167387566034004,-0.00192846708151151
"64",0.198712848933731,0.208062506199756,-0.0244765885516516,0.00209688180858844,0.165440253641453,-0.178619008992306,-0.0285374051866999,-0.0312741984895725,-0.0181984852776971,-0.0213932238438862,0.0476167870733489,-0.0120938496294427,-0.00627549992473996,-0.0151769520584506,-0.0201959923775425,0.0759663438561452,0.00723682014556936,-0.0113472112740382,0.0318610039295563,-0.0595024497200108,-0.0272765455006491,0.00524112005763102
"65",0.139289354781765,0.129822347911971,-0.0227916536994311,0.00835689132007708,0.13209268379646,-0.167204759409031,-0.0177928235441214,-0.0450651973702531,-0.0079806437275977,0.00921298174332367,0.0147739776302537,-0.286400621399847,-0.0759081753187617,0.214114475878178,-0.0800593700660489,-0.402633683596047,-0.160946823022933,0.0744593617412,-0.09923253561221,0.101657893735292,0.0197132034642692,-0.0135099773447104
"66",0.197546488078471,0.206292225979492,-0.0246269122508668,0.00246444732204471,0.166426208591719,-0.181646030080954,-0.0285106924599227,-0.0333849844865926,-0.0176987513634893,-0.0256564597790871,0.0493595525114257,-0.00468629331760182,-0.0040075137382378,-0.0123003125210901,-0.0240933543697948,0.0713603725049122,0.00862547249768582,-0.0134597600504244,0.0289668676853677,-0.0569057629746434,-0.0285632227593879,0.00440529102507209
"67",0.105738243100205,0.0846352799505776,-0.0222829130116436,0.0148533073875275,0.143417736720922,-0.221534726905683,-0.0170934476567956,-0.0901691563125321,0.00593015794564295,-0.156353876487834,0.0834632689007951,0.325366028531529,0.0897154694679598,-0.0369526435420273,-0.0507589024570223,0.101882037604775,0.0817718068005198,-0.0499713006504963,-0.0035600811900165,0.00751237579704501,0.00820927568666831,-0.00514076243054026
"68",0.106254354048666,0.0852025427357301,-0.0224066829343361,0.014911013263961,0.144398152875432,-0.222929524705636,-0.0172513025688183,-0.0907117105675357,0.00590339824199529,-0.157440498638787,0.0842191323805607,0.326928802959021,0.0902132923993204,-0.0359567463854239,-0.0525062902397077,0.100924589787401,0.0824956886724161,-0.0513122637224255,-0.00423534035721788,0.00726815217983912,0.00616469319017786,-0.00535928814799488
"69",0.100200954614144,0.0754298703696182,-0.023096737593517,0.0166616330130865,0.145877657358126,-0.234292410258891,-0.0161834659314415,-0.101530502024741,0.00866397663343897,-0.165013279901321,0.0880153219699694,0.225570954071203,0.0698585037333295,0.125459386219026,-0.169459431996874,-0.146145244660721,0.0593600005191242,-0.102008394194211,-0.0718210659378272,0.0255684133027118,-0.107662661366607,-0.0154506248572479
"70",0.0300111181267196,-0.00620357985690335,-0.00668700687583101,0.0102610521761788,0.00870617659359842,-0.047030732974569,0.00811345398431633,-0.0339169084289599,0.0180677122415298,-0.0115837458462469,-0.0279008662942937,-0.128424019589894,-0.0335946220840744,0.202502108257249,-0.0374370118308947,-0.537563672189197,-0.168813014553549,0.0934311884196876,-0.190064797179654,0.256380300771038,0.062617136758573,-0.00219777735955799
