"","Simve","Daplo","Cerpu","Alogu","Aloco","Alore","Aloaf","Copsp","Ostsp","Slyla","Acrha","Aloex","Chysp","Alona","Plead","Oxyte","Grate","Copdi","NauLa","CilHa","Strvi","amosp","Ascmo","Synsp","Squro","Squmu","Polar","Kerqu","Anufi","Mytve","Mytvi","Mytmu","Lepsp","Leppa","Colob","Colbi","Colun","Lecsp","Lecqu","Lecco","Leclu","Lecfl","Tripo","Cepsp","Monlo","Monae","Scalo","Trilo","Tripo.1","Tricy","Trisp","Tepat","Rotne","Notla","Filsp","Lopox","hydrspec","bothrosp","olchaeta","erpoocto","glsicomp","alglhete","hebdstag","sphidae","ansuvote","armicris","bathcont","binitent","gyraalbu","hippcomp","lymnstag","lymnaes7","physfont","plbacorn","popyanti","radiovat","radipere","valvcris","valvpisc","hycarina","gammpule","aselaqua","proameri","collembo","caenhora","caenluct","caenrobu","cloedipt","cloesimi","aeshniae","libellae","conagrae","corident","coripanz","coripunc","cymabons","hesplinn","hespsahl","notoglau","notomacu","notoobli","notoviri","pacoconc","pleaminu","sigadist","sigafall","sigastri","sigarasp","colyfusc","donacis6","gyrimari","haliconf","haliflav","haligruf","haliobli","herubrev","hya_herm","hyglpusi","hyhyovat","hypoplan","hyporusp","hytuinae","hytuvers","laphminu","noteclav","rhantusp","sialluta","ablalong","ablaphmo","cltanerv","malopisp","mopetenu","prdiussp","pstavari","chironsp","crchirsp","crclglat","ditendsp","mitegchl","pachgarc","pachgvit","popegnub","popedisp","acriluce","chclpige","conescut","cricotsp","liesspec","psclbarb","psclgsli","psclobvi","psclplat","psclpsil","pscladsp","cladotsp","laa_spec","patanysp","tatarssp","zaa_spec","anopmacu","cepogoae","chaoobsc","cucidae4","tabanusp","agdasphr","athrater","cyrncren","holodubi","holopici","leceriae","lilurhom","monaangu","mystazur","mystloni","oecefurv","oecelacu","triabico","paponysp"
"w.4.c1",3.951,0,0,0,0,0,0,2.773,0,1.386,0,0,1.946,0,0,0,0,4.615,8.594,13.441,9.269,0,0,6.217,0,0,6.217,0,0,0,4.615,0,0,0,4.615,0,0,0,0,0,0,4.615,0,0,0,0,0,0,0,0,0,0,0,0,0,0,0,0,4.034,4.529,0,3.858,0,0,0,4.529,0,2.353,0,0,0,0,0,0,0,0,0,0,0,0,0,0,0,0,7.19,0,0,8.404,0,2.987,0,4.034,0,0,0,0,0,0,0,0,0,0,0,0,0,0,0,0,0,0,0,0,0,0,0,0,0,0,0,0,0,0,2.353,0,0,0,2.353,0,4.183,0,0,0,0,0,0,0,0,0,0,0,0,0,0,0,0,0,0,0,0,0,0,0,0,0,0,0,0,0,0,0,2.987,2.566,0,0,0,0,0,0,2.353,0,0,2.353,0,2.987,0,0,0,0
"w.4.c2",2.303,0,0,0,0,0,0,2.079,0,0,1.099,0,0,0,0,0,0,0,5.994,11.233,7.091,5.994,6.552,8.367,0,0,4.615,0,0,0,0,0,0,5.303,0,0,0,0,4.615,0,0,0,0,0,0,0,0,0,0,0,0,0,0,0,0,0,0,2.353,4.986,4.621,0,3.644,2.987,2.353,0,6.211,0,0,0,0,0,0,0,0,2.353,0,0,0,3.37,2.353,0,0,0,0,6.43,0,0,8.344,3.37,0,2.353,4.034,0,0,0,0,0,0,0,0,0,0,0,0,0,0,0,0,0,0,0,0,0,0,0,0,0,0,0,0,0,0,0,0,0,0,2.353,0,3.858,2.353,0,0,4.034,0,0,0,0,0,0,0,0,0,0,0,0,0,0,0,0,0,0,0,0,0,0,0,0,0,0,0,3.858,3.387,0,0,2.987,0,0,0,2.353,0,0,4.312,0,4.529,0,0,0,0
"w.4.c3",4.595,0,0,0,0,0,0,3.761,0,0.693,0,0,2.639,0,0,0,0,0,7.824,11.823,9.17,0,5.303,7.245,0,0,8.04,0,0,0,0,0,5.707,4.615,4.615,5.303,0,4.615,0,0,0,5.303,0,0,0,0,0,0,0,0,0,0,0,0,0,0,0,2.353,5.497,3.858,0,4.706,0,2.987,0,6.882,0,4.183,0,0,0,0,0,0,4.784,0,0,2.353,6.211,0,0,2.353,0,0,6.211,2.353,0,7.323,2.353,0,0,2.353,0,0,0,0,0,0,0,0,0,2.353,0,0,0,0,0,0,0,0,0,0,0,0,0,0,0,0,0,0,0,2.353,2.353,0,0,0,0,0,3.858,0,0,0,3.644,0,0,0,0,0,0,0,0,0,0,0,0,0,0,0,0,0,0,0,0,0,0,0,0,2.987,0,0,0,3.838,0,0,0,0,0,0,0,0,2.353,0,0,4.312,0,0,0,0
"w.4.c4",2.398,0,0,0,0,0,0,3.296,0.693,0,0,0,1.386,0,0,0,0,0,6.552,13.193,5.303,6.686,0,5.994,0,0,8.39,0,0,0,0,0,5.303,0,0,5.303,0,0,4.615,0,0,0,0,5.303,0,0,0,0,0,0,0,0,0,0,0,0,0,3.37,6.387,4.426,0,3.644,2.353,0,0,5.997,0,0,0,0,0,0,0,0,0,0,0,0,0,0,0,0,0,0,7.081,2.353,0,8.104,3.858,3.37,0,2.987,0,0,0,0,0,0,0,0,0,0,0,0,0,0,0,0,0,0,0,0,0,0,2.353,0,0,0,0,0,0,3.37,0,0,0,0,0,0,4.784,0,0,0,4.784,0,2.353,0,0,0,0,0,0,0,0,0,0,0,0,0,0,2.353,0,0,0,0,0,0,0,0,0,0,0,2.739,0,0,0,0,0,0,4.183,0,0,0,0,4.923,0,0,0,0
"w.4.c5",4.025,0,0,0,0,0,0,3.466,0,0,1.609,0,0.693,0,1.099,0,0,0,7.784,11.702,7.864,7.091,0,6.686,0,0,0,0,0,0,0,0,0,0,0,0,0,5.303,0,0,0,0,0,5.994,0,0,0,0,0,0,0,0,0,0,0,0,0,0,0,4.923,3.37,2.987,0,2.353,0,4.183,0,0,0,0,0,0,0,0,7.276,0,3.37,0,0,0,0,3.858,0,0,7.19,2.353,0,8.393,0,0,0,4.706,0,0,2.353,0,0,0,0,0,0,2.987,0,0,0,0,0,0,0,0,2.353,0,0,0,0,0,0,0,0,0,0,4.183,0,2.353,0,0,0,0,2.987,0,0,0,0,0,0,0,0,0,0,0,0,0,0,0,0,0,0,0,0,0,0,0,0,0,0,0,0,0,0,0,2.353,3.757,0,0,3.644,0,0,0,0,0,2.353,2.353,0,5.997,0,0,0,0
"w.4.c6",2.303,0,0,0,0,0,0,2.197,0,0,0.693,0,0.693,0,0,0,0,0,6.217,11.672,10.166,5.994,6.804,6.399,0,0,9.787,0,0,0,0,0,0,0,4.615,0,0,0,0,4.615,0,0,0,0,0,0,0,0,0,0,0,0,0,0,0,0,0,0,3.858,4.312,0,3.37,2.987,3.644,0,5.34,0,4.784,0,0,0,0,0,0,0,0,2.353,0,3.644,0,3.37,2.353,0,0,7.157,2.353,0,8.46,3.37,0,0,3.858,0,0,0,0,0,0,0,0,0,2.353,0,0,0,0,0,0,0,0,0,0,0,0,0,0,0,0,0,0,0,3.37,0,0,0,0,0,0,2.353,0,0,0,2.353,0,0,0,0,0,0,0,0,0,0,0,0,0,0,0,0,0,0,0,0,0,0,0,0,0,0,0,0,2.566,0,0,0,0,0,2.353,4.183,0,0,0,0,3.858,0,0,0,0
"w.4.c7",3.555,0,0,0,0,0,0,2.708,0.693,0.693,1.386,0,0.693,0,0,0,0,0,5.303,12.661,8.764,7.378,5.707,0,0,0,0,0,0,0,0,0,4.615,0,0,0,0,5.303,0,0,4.615,4.615,0,0,0,0,0,0,4.615,0,0,0,0,0,0,0,0,0,2.987,5.297,2.353,0,0,0,0,2.353,0,0,0,0,0,0,0,0,0,0,0,0,2.987,2.353,0,0,0,0,7.109,2.353,0,8.044,3.644,0,0,4.621,0,0,0,0,0,0,0,0,0,2.353,0,0,0,0,0,0,0,0,0,0,0,0,0,0,0,0,0,0,0,3.37,3.644,0,0,0,0,0,0,0,0,0,0,0,0,0,0,0,0,0,0,0,0,0,0,0,0,0,0,0,0,0,0,0,0,0,0,0,0,0,0,3.826,0,0,0,0,0,0,0,0,0,0,0,5.997,0,0,0,3.37
"w.4.c8",2.639,0,0,0,0,0,0,1.946,0,0,2.079,0,1.609,0,0,0,0,0,0,13.331,9.127,0,0,5.303,0,0,0,0,0,0,0,0,5.303,0,0,0,0,0,0,0,0,0,0,4.615,4.615,0,0,0,0,0,0,0,0,0,0,0,0,0,5.045,0,0,0,4.183,0,0,3.858,0,2.353,0,0,0,0,0,0,0,0,0,0,0,0,0,0,0,0,7.67,3.37,0,8.265,3.644,0,0,3.858,0,0,0,2.353,0,0,0,0,0,0,0,0,0,0,0,0,0,0,0,0,0,0,0,0,0,0,0,0,0,4.034,2.353,0,0,0,0,0,2.987,0,0,0,2.987,0,0,0,0,0,0,0,0,0,0,0,0,0,0,0,0,2.353,0,0,0,0,0,0,0,0,0,0,0,2.462,0,0,0,0,0,0,0,0,0,4.034,0,4.529,0,0,0,0
"w.4.c9",3.135,0,0,0,0,0,0,3.258,0,0,2.079,0,0,0,0,0,0,0,6.217,11.3,8.007,5.994,0,8.102,0,0,7.171,0,0,5.303,0,0,0,0,0,0,0,4.615,0,4.615,0,5.707,0,0,0,0,0,0,0,0,0,0,0,4.615,0,0,0,0,4.426,4.034,0,2.353,0,0,0,4.183,0,2.353,0,0,0,0,0,0,0,0,0,0,0,0,2.353,0,0,0,4.034,0,0,7.956,4.426,0,0,2.987,0,0,0,0,0,0,0,0,0,0,0,0,0,0,0,0,0,0,0,0,0,0,0,0,0,0,0,0,0,2.987,2.353,0,0,0,0,0,4.621,0,0,0,0,0,0,0,0,0,0,0,0,0,0,0,2.353,3.37,0,0,0,0,0,0,0,0,0,0,0,0,0,0,0,2.551,0,0,2.353,0,0,0,0,0,0,0,0,4.426,0,0,0,0
"w.4.c10",1.609,0.693,0,0,0,0,0,2.303,0,0,0,0,0.693,0,0,0,0,0,9.23,11.353,9.533,5.994,0,7.378,0,0,11.127,0,0,0,0,0,5.303,0,0,0,0,0,0,0,0,0,0,0,0,0,0,0,0,0,0,0,0,4.615,0,0,0,0,3.858,5.34,0,0,2.353,0,0,6.523,0,5.045,4.856,0,0,0,0,0,0,0,0,0,2.353,2.353,2.353,0,0,0,5.045,0,0,8.198,0,0,0,0,0,0,0,0,0,0,0,0,0,2.353,0,0,0,0,0,0,0,0,0,0,0,0,0,0,0,0,0,0,0,2.353,0,0,0,0,0,0,3.37,0,0,0,0,0,0,0,0,0,0,0,0,0,0,0,0,0,0,0,0,2.353,0,0,0,0,0,0,0,0,0,0,2.353,1.176,0,0,5.382,0,0,0,2.353,0,0,4.183,0,3.644,0,0,0,0
"w.4.c11",2.079,0,0,0,0,0,0,2.197,0,0,0,0,0,0,0,0,0,0,5.994,13.073,6.217,6.686,4.615,5.303,0,0,4.615,0,0,0,0,0,0,0,0,0,0,5.707,0,0,0,0,0,0,0,4.615,0,0,0,0,0,4.615,0,0,0,0,0,0,4.706,0,0,2.353,0,0,0,2.987,0,0,0,0,0,0,0,0,0,0,0,0,0,0,2.353,2.353,0,0,6.882,0,0,8.314,0,0,0,3.644,0,0,0,0,0,0,0,0,0,2.353,0,0,0,0,0,0,0,0,0,0,0,0,0,0,0,0,0,0,0,2.353,2.353,0,0,0,0,0,3.37,0,0,0,0,0,0,0,0,0,0,0,0,0,0,0,0,0,0,0,0,2.353,0,0,0,0,0,0,0,0,0,0,2.353,3.942,0,0,3.644,0,0,0,0,0,0,2.353,0,5.204,0,0,0,0
"w.4.c12",1.946,0,0,0,0,0,0,1.946,0.693,0,0,0,0,0,0,0,0,0,4.615,12.877,7.601,7.378,5.994,7.091,0,0,7.245,0,0,0,0,0,0,0,0,0,0,0,0,0,0,4.615,0,4.615,0,0,0,0,0,0,0,0,0,0,0,0,0,0,6.342,4.529,0,2.353,2.353,2.987,0,5.953,0,2.987,0,0,0,0,0,0,0,0,0,0,2.987,0,0,0,0,0,6.827,0,0,7.997,4.621,0,0,2.987,0,0,0,0,0,0,0,0,0,2.353,0,0,0,0,0,0,0,0,0,0,0,0,0,0,0,0,0,0,0,0,0,0,0,0,0,0,3.37,0,0,0,2.987,0,2.353,0,0,0,0,0,0,0,0,0,0,0,0,0,0,0,0,0,0,0,0,0,0,0,0,0,0,2.949,0,0,0,0,0,0,0,0,0,0,0,4.621,0,0,0,0
"w.1.c1",4.727,0.693,0,0,0,0,0,3.401,0.693,1.386,0,0,1.792,0,0,0,0,0,9.105,11.127,8.132,6.399,5.994,8.666,0,0,9.473,0,0,0,0,0,0,4.615,0,0,0,0,0,0,0,0,0,0,0,0,0,0,0,0,0,0,0,0,0,0,0,0,5.906,4.986,0,3.37,2.353,3.858,0,6.1,0,0,0,0,0,0,0,0,3.37,0,0,0,0,3.858,0,0,0,0,8.467,0,0,8.569,0,0,0,5.382,0,0,0,0,0,0,0,0,0,0,0,0,0,0,0,0,0,0,0,0,0,0,0,0,0,0,0,0,0,2.353,2.353,2.353,0,0,2.353,0,5.497,0,0,0,0,0,2.987,0,0,0,2.987,0,0,0,0,0,0,0,0,0,0,0,0,0,0,0,0,0,0,2.353,0,0,2.353,3.365,0,0,2.987,0,0,0,2.987,2.353,0,0,0,3.858,0,0,0,0
"w.1.c2",3.332,1.099,0,0,0,0,0,3.555,1.386,0,0,0,0,0,0,0,0,0,8.733,12.763,5.303,6.686,8.7,5.994,0,0,8.294,0,0,0,0,0,4.615,0,0,0,0,0,0,0,0,0,0,4.615,4.615,0,0,0,0,0,0,0,0,0,0,0,0,2.353,3.37,5.297,0,2.987,0,3.37,0,7.488,0,0,0,4.034,0,0,0,0,2.353,0,0,0,0,0,0,2.353,0,0,8.699,0,0,7.469,0,2.353,0,5.6,0,0,0,0,0,0,0,0,0,0,0,0,0,0,0,0,0,0,0,0,0,0,0,0,0,0,0,0,0,2.353,0,0,0,0,0,2.353,4.426,0,0,0,0,0,2.987,0,0,0,0,0,0,0,0,0,0,0,0,0,0,0,0,0,0,0,0,0,0,2.353,0,0,4.986,2.875,0,0,3.37,0,0,0,3.644,0,0,3.37,0,3.858,0,0,0,0
"w.1.c3",4.394,0,0,0,0,0,0,3.296,2.079,0,1.099,0,2.079,0,0,0,0,0,8.243,13.816,9.23,6.686,5.303,7.496,0,0,8.936,0,0,0,0,0,5.994,0,0,0,0,0,0,5.303,0,5.303,0,5.303,0,0,0,0,5.303,0,0,0,0,0,0,0,0,0,5.779,4.312,2.353,3.858,5.997,0,0,8.765,0,5.422,0,0,0,0,0,0,7.69,0,0,0,5.34,0,0,0,0,0,8.201,0,0,7.488,2.353,0,0,5.101,0,0,0,0,0,0,0,0,0,0,0,0,0,0,0,0,0,0,0,0,0,0,0,0,0,0,0,0,0,4.986,2.987,2.353,0,0,0,0,5.694,0,0,0,0,0,0,0,0,0,0,0,0,2.353,0,0,0,2.353,0,0,0,2.353,0,0,0,0,3.37,0,2.353,2.353,0,0,2.987,3.366,0,0,0,0,0,0,2.987,0,0,0,0,4.312,0,2.353,0,0
"w.1.c4",3.989,0,0,0,0,0,0,3.761,1.099,0,0,0,1.946,0,0,0,0,4.615,8.071,12.972,0,5.303,5.303,6.217,0,0,9.25,0,0,0,0,0,0,0,4.615,0,0,5.303,0,0,0,0,0,5.303,4.615,0,0,0,0,0,0,0,0,0,0,4.615,0,0,4.784,4.034,0,2.353,2.353,2.353,0,7.383,0,0,0,2.353,0,0,0,0,4.034,0,0,0,2.987,0,0,0,0,0,8.112,2.987,0,7.994,0,0,2.987,5.101,0,0,0,0,0,0,0,0,0,0,0,0,0,0,0,0,0,0,0,0,0,0,0,0,0,2.353,0,0,0,4.183,2.987,2.353,0,0,0,0,5.751,0,0,0,0,0,2.353,0,0,0,0,0,0,0,0,0,0,0,0,0,0,2.353,0,0,0,0,2.353,0,0,0,0,0,0,3.208,0,0,0,0,0,0,4.426,0,0,0,0,4.923,0,0,0,0
"w.1.c5",4.673,0.693,0,0,0,0,0,3.045,1.792,0,0,0,0.693,0,0,0,0,5.303,9.729,11.883,11.035,0,5.994,5.994,0,0,9.393,0,0,0,0,0,0,0,0,0,0,0,0,5.994,0,5.303,0,0,0,0,0,0,0,0,0,0,0,0,0,0,0,0,0,5.6,0,2.987,0,3.37,0,5.204,0,0,0,0,0,0,0,0,2.987,0,0,0,0,2.353,2.353,3.644,0,0,8.713,4.529,0,8.519,0,0,0,5.382,0,0,0,0,0,0,0,0,0,0,0,0,0,0,0,0,0,0,0,2.353,0,0,0,0,0,0,0,2.353,0,4.856,0,4.312,0,0,0,0,4.312,0,0,0,0,0,0,0,0,0,0,0,0,0,0,0,0,0,0,0,0,0,0,0,0,0,0,0,0,0,0,0,2.987,3.728,0,0,2.353,0,0,0,0,0,0,0,0,4.706,0,0,0,0
"w.1.c6",2.565,0,0,0,0,0,0,1.946,0,0,0,0,0,0,0,0,0,0,8.343,12.515,5.994,0,5.303,7.496,0,0,10.268,0,0,0,0,0,0,0,0,0,0,0,0,0,0,5.994,0,5.303,0,0,0,0,0,0,0,0,0,0,0,0,0,0,2.987,4.706,4.312,2.353,3.858,2.353,0,5.422,0,4.426,2.987,0,0,0,0,0,0,0,0,0,2.353,2.987,2.353,2.987,0,0,8.434,0,0,8.535,0,0,0,4.183,0,0,0,0,0,0,0,0,0,0,0,0,0,0,0,0,0,0,0,2.353,0,0,0,0,0,0,0,0,0,3.858,3.644,0,0,0,0,0,4.706,0,0,0,0,0,0,0,0,0,0,0,0,0,0,0,0,0,0,0,0,0,0,0,0,0,0,0,0,0,0,0,4.183,3.666,0,0,2.353,0,0,0,3.644,0,2.353,0,0,4.183,0,0,0,0
"w.1.c7",5.1,0,0,0,0,0,0,3.296,0.693,0.693,0.693,0,0.693,0,0,0,0,5.303,8.613,14.509,7.901,5.303,0,7.55,0,0,0,0,0,0,0,0,4.615,0,0,0,0,5.303,0,0,0,5.303,0,0,0,0,0,0,0,0,0,0,0,4.615,0,0,0,0,2.353,5.154,3.37,0,2.987,2.987,0,6.194,0,2.353,3.644,0,0,0,0,0,0,0,0,0,3.858,0,0,2.987,0,0,8.334,0,0,7.985,0,0,0,3.37,0,0,0,0,0,0,0,2.353,0,0,0,0,0,0,0,0,0,0,0,0,0,0,0,0,0,0,0,0,0,3.858,3.37,0,0,0,0,0,4.426,0,0,0,0,0,0,0,0,0,0,0,0,0,0,0,0,0,0,0,0,0,0,0,0,0,2.353,0,0,0,0,0,3.858,3.432,0,0,2.987,0,0,0,0,0,0,0,0,4.706,0,0,0,0
"w.1.c8",3.497,0.693,0,0,0,0,0,3.045,0.693,0,2.303,0,1.099,0,0,0,0,0,6.804,11.073,5.994,5.303,6.909,8.189,0,0,0,0,0,0,0,0,4.615,0,0,0,0,5.303,0,0,4.615,6.686,0,4.615,0,0,0,0,0,4.615,0,0,0,0,0,4.615,0,2.353,3.858,0,0,0,3.644,2.353,0,4.621,0,0,0,0,0,0,0,0,0,0,0,0,3.37,2.353,0,0,0,0,8.793,0,0,8.45,2.353,0,0,4.034,0,0,0,0,0,0,0,0,0,0,0,0,0,0,0,0,0,0,0,0,0,0,0,0,0,0,0,0,0,3.644,0,3.37,0,0,0,0,4.426,0,0,0,0,0,0,0,0,0,0,0,0,0,0,0,0,0,0,0,0,0,0,0,0,0,0,0,0,0,0,0,2.353,3.13,0,0,2.353,0,0,0,0,0,0,2.353,0,4.312,0,0,0,0
"w.1.c9",4.043,0,0,0,0,0,0,3.258,1.099,0,1.946,0,0.693,0,0,0,0,0,8.007,13.043,6.399,0,8.7,7.784,0,0,8.007,0,0,0,0,0,0,0,0,0,0,0,0,0,0,5.303,0,5.303,0,0,0,0,0,0,0,0,0,0,0,0,0,0,0,5.497,0,2.353,0,3.858,0,4.986,0,3.644,0,0,0,0,0,0,2.987,0,0,0,0,0,0,0,0,0,8.362,0,0,8.263,0,0,0,5.46,0,0,0,0,0,0,0,0,0,0,0,0,0,0,0,0,0,0,0,0,0,0,0,0,2.987,0,0,0,0,3.644,0,3.37,2.353,0,0,0,4.621,0,0,0,0,0,0,0,0,0,0,0,0,0,0,0,0,0,0,0,0,0,0,0,0,0,0,0,0,0,0,0,2.987,2.169,0,0,0,0,0,0,0,0,0,3.37,0,4.986,0,0,0,0
"w.1.c10",0.693,0,0,0,0,0,0,1.609,0,0,0,0,0.693,0,0,0,0,4.615,9.441,11.722,5.303,5.994,0,5.994,0,0,10.302,0,0,4.615,0,0,0,0,0,0,4.615,4.615,0,0,0,0,0,0,5.303,0,0,0,0,0,0,0,0,0,0,0,0,0,2.353,5.297,2.353,2.353,2.987,3.37,0,6.401,0,3.858,3.858,0,0,0,0,0,0,0,0,0,2.353,0,0,4.034,0,0,7.895,0,0,8.283,0,0,0,3.37,0,0,0,0,0,0,0,2.353,0,0,0,0,0,0,0,0,0,0,0,0,0,0,0,0,0,0,0,0,0,5.045,4.426,2.353,0,0,0,0,4.426,0,0,0,0,0,0,0,0,0,0,0,0,0,0,0,0,0,0,0,0,0,0,0,0,0,0,0,0,0,0,0,3.858,3.356,0,0,4.426,0,0,0,2.987,0,0,3.644,0,4.529,0,0,0,0
"w.1.c11",4.625,0,0,0,0,0,0,4.205,2.197,0,0,0,0,0,0,0,0,4.615,8.631,14.509,9.764,5.994,0,6.552,0,0,4.615,0,0,0,0,0,4.615,0,0,0,0,5.303,0,4.615,0,5.707,0,0,0,0,0,0,0,0,0,0,0,0,0,0,0,0,0,5.154,2.353,0,0,3.644,0,3.858,0,0,0,0,0,0,0,0,0,0,0,0,0,0,2.353,3.644,0,0,8.212,0,2.353,8.608,0,0,0,3.37,0,0,0,0,0,0,0,0,0,0,0,0,0,0,0,0,0,0,0,0,0,0,0,0,0,0,0,0,0,4.784,2.987,0,0,0,0,0,4.034,0,0,0,0,0,0,0,0,0,0,0,0,0,0,0,0,0,0,0,0,2.987,0,0,0,0,0,0,0,0,0,0,2.987,4.354,0,0,3.37,0,0,0,0,0,0,2.353,0,5.297,0,0,0,0
"w.1.c12",3.932,0.693,0,0,0,0,0,2.639,0,0,0,0,1.792,0,0,0,0,5.707,7.245,12.661,8.936,6.686,6.552,6.217,0,0,6.552,0,0,4.615,0,0,4.615,0,0,0,0,0,0,0,0,4.615,0,0,0,0,4.615,0,0,3.045,0,0,0,0,0,0,0,2.353,7.72,5.297,0,3.37,0,4.923,0,7.222,0,3.644,0,0,0,0,0,0,0,0,0,0,2.353,0,2.353,0,0,0,9.047,0,0,7.947,4.784,0,0,4.923,0,0,0,0,0,0,0,0,0,0,0,0,0,0,0,0,0,0,0,0,0,0,0,0,0,0,0,0,0,3.858,4.312,0,0,0,0,0,4.856,0,0,0,0,0,0,0,0,0,0,0,0,0,0,0,0,0,0,0,0,0,0,0,0,0,0,0,0,0,0,0,0,2.739,0,0,0,0,0,0,0,0,0,0,0,4.529,0,0,0,0
"w0.1.c1",4.575,1.099,0,0,0,0,0,1.946,1.099,0,0,0,1.386,0,0,0,0,4.615,9.083,12.508,8.825,0,0,4.615,0,0,8.243,0,0,4.615,0,0,0,0,0,0,0,5.707,0,0,0,0,0,0,0,0,0,0,0,0,0,4.615,0,0,0,0,0,0,5.422,4.312,2.353,0,4.183,0,0,4.529,0,0,0,0,0,0,0,0,0,0,0,0,0,0,0,0,0,0,7.63,0,0,8.336,0,0,0,5.045,0,0,0,0,0,0,0,0,0,0,0,0,0,0,0,0,0,0,0,0,2.353,0,0,0,0,0,0,0,0,0,0,0,2.353,0,2.353,0,4.312,0,0,0,0,0,0,0,0,0,0,0,0,0,0,0,0,0,0,0,0,0,0,0,0,0,0,0,0,0,0,0,4.183,3.928,0,0,0,0,0,0,0,0,0,2.987,0,2.987,0,0,0,0
"w0.1.c2",3.611,2.398,0,0,0,0,0,1.946,2.565,0,0,0,0,0,0,0,0,5.707,8.269,12.741,8.071,0,0,6.399,5.303,0,6.686,0,0,0,0,4.615,6.399,0,0,0,0,0,0,0,0,0,0,5.994,0,0,0,0,4.615,0,4.615,0,0,0,0,0,0,2.353,6.665,4.183,0,3.37,0,2.353,0,6.846,0,0,0,3.858,0,0,0,2.987,0,0,0,0,2.353,2.353,0,4.183,0,0,8.137,4.183,0,7.228,2.353,0,0,5.101,0,0,0,0,0,0,0,0,0,0,0,0,0,0,0,0,0,0,0,0,0,0,0,0,0,0,0,0,0,2.987,0,0,0,0,0,0,3.644,4.183,0,0,0,0,0,0,0,0,0,0,0,2.987,0,0,0,0,0,0,0,0,0,0,0,0,2.987,2.353,0,0,0,0,3.37,3.807,0,0,0,0,0,0,2.987,0,0,3.644,0,4.312,0,0,2.353,0
"w0.1.c3",4.727,0.693,0,0,0,0,0,2.89,3.258,0,0.693,0,1.609,0,0,0,0,5.994,8.189,13.496,9.589,5.994,0,5.303,0,0,6.399,0,0,0,0,0,0,0,0,0,0,0,0,0,0,0,0,0,0,0,0,0,0,0,0,0,0,0,0,0,0,0,7.53,4.312,2.353,0,2.353,4.923,0,6.372,0,4.426,0,0,0,0,0,0,7.638,0,0,0,2.353,0,0,0,0,0,6.311,2.353,0,6.719,2.353,0,0,5.632,0,0,0,0,0,0,0,0,0,0,0,0,0,0,0,0,0,0,0,0,0,2.353,2.353,0,0,0,2.353,0,0,4.034,4.312,2.353,0,0,0,0,3.37,2.987,0,0,0,0,0,0,0,0,0,0,0,0,0,0,0,0,0,0,0,0,0,0,0,0,2.353,0,0,0,0,0,2.353,4.096,0,2.353,0,0,0,0,0,0,0,0,0,4.312,0,0,0,0
"w0.1.c4",3.85,0.693,0,0,0,0,0,2.565,2.303,0.693,0,0,1.792,0,0,0,0,0,7.697,12.785,5.303,5.994,0,0,4.615,0,5.303,0,0,0,0,0,0,0,4.615,0,0,5.994,0,0,0,0,0,5.303,0,0,5.303,0,4.615,0,0,0,0,0,0,0,0,2.353,7.713,5.204,0,2.353,2.353,0,0,4.784,0,0,0,0,0,0,0,0,0,0,0,0,2.353,3.644,0,0,0,0,7.123,3.644,0,7.215,0,0,0,5.204,0,0,0,0,0,0,0,0,0,0,0,0,0,0,0,0,0,0,0,0,0,0,0,0,0,0,0,0,0,3.644,2.987,0,0,0,0,0,4.706,2.987,0,0,3.644,0,3.858,0,0,0,0,0,0,0,0,0,0,0,0,0,0,0,2.353,0,2.353,0,2.987,0,0,0,0,0,2.987,3.397,0,0,0,0,0,0,4.529,0,0,0,0,3.858,0,0,0,0
"w0.1.c5",3.045,0,0,0,0,0,0,2.197,1.792,0.693,0,0,0,0,0,0,0,6.399,9.342,13.315,11.336,5.994,5.303,6.686,5.303,0,8.854,0,0,0,0,0,0,0,5.303,0,0,0,0,5.994,0,0,0,0,0,0,0,0,0,0,0,0,0,0,0,0,0,0,4.986,3.644,3.37,0,4.706,0,0,4.923,0,2.353,0,0,2.353,0,0,0,0,0,0,0,0,4.426,0,5.045,0,0,8.083,4.312,0,8.614,0,0,0,4.706,0,0,0,0,0,0,0,0,0,0,0,0,0,0,2.987,0,0,0,0,0,0,0,0,0,0,0,0,0,2.353,2.353,2.353,0,0,0,0,0,2.353,0,0,0,0,0,0,0,0,0,0,0,0,0,0,0,0,0,0,2.353,0,0,0,0,0,0,0,0,0,0,0,0,3.858,4.008,0,0,2.353,0,0,0,0,0,0,0,0,4.923,0,0,0,0
"w0.1.c6",0,0,0,0,0,0,0,1.099,0.693,0,0,0,0,0,0,0,0,0,6.909,12.572,7.091,0,0,5.303,0,5.994,10.204,0,0,0,0,0,0,0,0,0,0,0,0,0,0,0,0,0,0,0,0,0,0,0,0,0,0,0,0,0,0,0,6.279,4.312,0,3.37,4.426,0,0,0,0,5.154,0,0,0,0,0,0,0,0,0,0,2.353,2.987,0,3.37,0,0,4.706,0,0,4.856,0,0,0,2.353,0,0,0,0,0,0,0,0,0,0,0,0,0,0,0,0,0,0,0,0,0,0,0,0,0,0,0,0,0,0,0,0,0,0,0,0,0,0,0,0,0,0,0,0,0,0,0,0,0,0,0,0,0,0,0,0,0,0,0,0,0,0,0,0,0,0,0,0,0,0.347,0,2.353,0,0,0,0,2.353,0,0,0,0,2.353,0,0,0,0
"w0.1.c7",1.946,0,0,0,0,0,0,2.565,1.946,0,0,0,0,0,0,0,0,4.615,7.245,12.635,8.517,0,0,8.343,4.615,0,0,0,0,0,0,0,0,0,0,5.303,4.615,0,0,0,0,0,0,0,0,0,0,0,0,0,0,0,0,0,0,0,0,0,6.873,5.497,0,0,0,0,0,0,0,0,0,0,0,0,0,0,0,0,0,0,0,2.353,0,2.987,0,0,7.022,3.858,0,6.62,0,0,0,2.987,0,0,0,0,0,0,0,0,0,2.353,0,0,0,0,2.353,0,0,0,0,2.353,0,0,0,0,0,0,0,0,0,3.644,0,2.353,0,0,0,0,2.353,0,0,0,0,0,2.353,0,0,0,0,0,0,0,0,0,0,0,0,0,0,0,0,0,0,0,2.353,0,0,0,0,0,2.987,2.7,0,0,2.987,0,0,0,2.987,0,0,0,0,0,0,0,0,0
"w0.1.c8",3.871,0.693,0,0,0,0,0,2.773,2.708,0,1.386,0,0,0,0,0,0,5.707,8.132,13.816,8.477,6.686,4.615,6.909,4.615,0,4.615,0,0,0,0,0,4.615,0,0,0,0,4.615,0,0,0,0,0,0,0,0,0,0,0,0,0,0,0,0,0,0,0,0,6.139,0,0,0,3.644,2.353,0,4.426,0,3.858,0,0,0,0,0,0,2.353,0,0,0,4.312,0,0,0,0,0,7.746,3.858,0,8.34,0,2.353,0,2.353,0,0,0,0,0,0,0,0,0,2.353,0,0,0,0,2.353,0,0,0,0,0,0,0,0,0,0,0,0,0,0,2.353,2.987,0,0,0,0,0,4.784,0,0,0,3.644,0,0,0,0,0,0,0,0,0,0,0,0,0,0,0,0,2.353,0,0,0,0,0,0,0,0,0,0,0,2.897,0,0,0,0,0,0,0,0,0,0,0,3.858,0,0,0,0
"w0.1.c9",1.609,0.693,0,0,0,0,0,2.89,0.693,0,0,0,0,0,0,0,0,0,5.994,13.249,7.784,5.303,5.994,7.091,0,0,7.784,0,0,0,0,0,0,0,0,0,0,0,0,5.303,0,5.303,0,5.303,0,0,0,0,0,0,0,0,0,0,0,0,0,0,7.052,5.101,0,0,0,2.987,0,4.986,0,3.858,0,0,0,0,0,0,2.353,0,0,0,0,0,0,0,0,0,5.34,0,0,3.37,0,0,0,3.858,0,0,0,0,0,0,0,0,0,0,0,0,0,0,0,0,0,0,0,0,0,0,0,0,0,0,0,0,0,0,0,0,0,0,0,0,2.353,2.353,0,0,3.37,0,0,0,0,0,0,0,0,0,0,0,0,0,0,0,0,0,0,0,0,0,0,0,0,0,0,0,2.353,0,0,0,0,0,0,0,0,0,0,2.987,0,3.37,0,0,0,0
"w0.1.c10",0,0,0,0,0,0,0,1.099,0.693,0,0,0,0,0,0,0,0,5.707,8.102,12.863,8.132,5.303,5.303,8.04,0,0,9.359,0,0,0,0,0,4.615,0,4.615,0,0,5.303,0,0,0,0,0,0,0,0,0,0,0,0,0,0,0,0,0,0,0,0,6.827,6.279,0,2.353,0,0,0,6.311,0,4.621,4.621,0,0,0,0,0,0,0,0,0,2.987,2.987,2.353,0,0,0,8.151,2.987,0,6.75,0,0,0,2.987,0,0,0,0,0,0,0,0,0,2.353,0,0,0,0,0,0,0,0,0,0,0,0,0,0,0,0,0,0,0,3.37,2.353,0,0,0,0,0,4.706,0,0,0,0,0,0,0,0,0,0,0,0,0,0,0,0,0,0,0,0,0,0,0,0,0,0,0,0,0,0,0,5.252,2.816,0,0,2.353,0,0,0,2.353,0,0,3.644,0,4.034,0,0,0,0
"w0.1.c11",4.554,0,0,0,0,0,0,3.045,2.89,0,0,0,0,0,0,0,0,0,8.795,13.354,6.399,7.496,0,7.824,0,0,6.552,0,0,0,0,0,4.615,0,0,0,4.615,5.707,0,0,0,0,0,0,0,0,0,0,0,0,0,0,0,0,0,0,0,0,2.353,4.986,3.37,0,0,5.34,0,4.183,0,2.987,0,0,0,0,0,0,0,0,0,0,0,6.416,2.353,4.923,2.987,0,8.182,5.204,0,8.342,0,0,0,3.37,0,0,0,0,0,0,0,0,0,0,0,0,0,0,2.987,0,0,0,0,0,0,0,0,0,0,0,0,0,0,3.37,2.353,2.353,0,0,0,0,4.426,0,0,0,0,0,0,0,0,0,0,0,0,0,0,0,0,0,0,0,0,0,0,0,0,0,0,0,0,0,0,0,0,4.137,0,0,0,0,0,0,0,0,0,3.37,0,5.252,0,0,0,0
"w0.1.c12",1.099,0,0,0,0,0,0,1.099,2.485,0,0,0,1.099,0,0,0,0,0,6.909,13.111,7.864,6.686,0,6.217,0,0,6.217,0,0,4.615,0,0,0,0,4.615,0,0,4.615,0,0,0,5.707,0,5.994,0,0,5.303,0,0,0,0,0,0,0,0,0,0,6.157,7.066,4.706,0,0,0,2.353,0,5.297,0,3.37,0,0,0,0,0,0,0,0,0,0,3.37,0,0,0,0,0,5.779,2.353,0,4.312,0,0,0,3.858,0,0,0,0,0,0,0,0,0,0,0,0,0,0,0,2.987,0,0,0,0,0,0,0,0,0,0,0,0,0,0,2.987,2.353,0,0,0,0,4.312,2.353,0,0,0,0,0,0,0,0,0,0,0,0,0,0,0,0,0,0,2.353,2.353,0,0,0,0,0,0,0,0,0,0,0,2.017,0,0,0,0,0,2.353,0,0,0,0,0,3.858,0,0,0,0
"w1.c1",3.892,1.099,0,0,0,0,0,0.693,2.773,0,0,0,0,0,0,0,0,6.399,8.477,13.569,9.741,0,6.804,6.552,0,0,7.864,0,0,4.615,0,0,0,0,0,0,0,4.615,0,0,0,0,0,5.303,0,0,0,0,0,0,0,4.615,0,4.615,0,0,0,2.987,5.045,4.856,0,0,2.353,0,0,5.779,0,2.987,0,0,0,0,0,0,0,0,0,0,0,0,0,0,0,0,8.055,0,0,8.011,0,0,0,5.46,0,0,0,0,0,0,0,0,0,0,0,0,0,0,0,0,0,0,0,0,0,0,0,0,0,0,0,0,0,0,0,0,0,0,0,0,5.045,0,0,0,0,0,2.987,0,0,0,0,0,0,0,0,0,0,0,2.987,0,0,3.644,0,0,0,0,0,0,0,0,0,0,3.37,4.237,0,0,0,0,0,0,0,2.353,0,0,0,4.034,0,0,0,0
"w1.c2",2.89,3.807,0,0,0,0,0,1.386,2.485,0,0,0,0,0,0,0,0,0,7.741,11.926,8.071,5.303,7.171,7.864,0,0,7.741,0,0,0,0,0,4.615,0,0,0,0,0,0,0,0,0,0,0,0,0,0,0,0,0,0,0,0,0,0,0,0,3.37,6.942,4.706,0,3.644,2.353,3.644,0,6.676,0,0,0,0,0,0,0,0,6.799,0,0,0,2.353,0,0,0,0,0,7.334,0,0,7.014,0,2.353,0,5.252,0,0,0,0,0,0,0,0,0,0,0,0,0,0,0,0,0,0,0,0,0,0,0,0,0,0,0,0,0,0,2.987,0,0,0,0,0,5.045,0,0,0,0,0,2.987,0,0,0,0,0,0,0,0,0,0,0,0,0,0,3.644,0,0,0,0,0,0,0,0,0,0,4.529,3.439,0,0,0,2.353,0,0,2.353,0,0,2.353,0,3.858,0,0,0,0
"w1.c3",4.844,0.693,0,0,0,0,0,2.708,3.332,0,0,0,0,0,0,0,0,0,7.784,12.901,9.668,0,0,0,0,0,5.303,0,0,0,0,0,0,0,5.994,0,0,0,0,0,0,0,0,5.303,0,0,0,0,0,0,0,0,0,0,0,0,0,3.37,5.204,0,0,4.529,0,3.644,0,8.028,0,4.706,0,0,0,0,0,0,8.354,0,0,0,5.382,2.353,0,0,0,0,6.77,2.353,0,6.799,0,0,0,5.723,0,0,0,0,0,0,0,0,0,0,0,0,0,0,0,0,0,0,0,0,0,2.353,0,0,0,0,0,0,0,3.858,2.987,3.37,0,2.353,0,0,3.858,0,0,0,0,0,4.034,0,0,0,0,0,0,0,0,0,0,0,0,0,0,2.987,0,0,0,0,0,0,0,0,0,0,0,3.311,0,0,0,0,0,0,0,2.353,0,0,0,5.154,2.353,0,0,0
"w1.c4",4.077,0,0,0,0,0,0,1.609,3.638,0,0,0,0,0,0,0,0,0,7.864,10.795,8.557,6.686,7.55,6.804,0,0,4.615,0,0,0,0,0,0,0,0,0,5.303,0,0,0,0,0,0,4.615,0,0,0,0,0,0,0,4.615,0,0,0,0,0,2.987,6.51,4.621,2.987,0,0,0,0,6.1,0,0,0,0,0,0,0,0,2.987,0,0,0,2.353,2.987,0,0,0,0,7.311,0,0,6.827,0,0,0,5.101,0,0,0,0,0,0,2.353,0,0,0,0,0,2.353,0,0,0,0,0,0,0,0,0,0,0,0,0,0,0,0,0,2.353,0,0,0,0,0,5.382,0,0,0,0,0,2.987,0,0,0,0,0,0,0,0,0,0,0,0,0,0,5.154,0,0,0,0,2.353,0,0,0,0,0,2.987,3.201,0,0,0,0,0,0,2.353,0,0,0,0,4.784,0,0,0,0
"w1.c5",3.091,1.946,0,0,0,0,0,2.197,1.099,0,0,0,0,0,0,0,0,5.303,8.343,13.003,10.844,5.303,6.909,8.825,0,0,7.601,0,0,0,0,0,0,0,0,0,0,0,0,0,0,0,0,0,0,0,0,0,5.303,0,0,0,0,0,0,0,0,2.353,3.644,4.621,3.644,2.353,0,2.987,0,5.567,0,6.739,0,0,0,0,0,0,0,0,0,0,0,2.353,0,3.37,0,0,8.586,0,0,8.732,2.987,0,0,4.312,0,0,0,0,0,0,2.353,0,0,0,0,0,0,0,0,0,0,0,0,0,0,0,0,0,2.353,0,0,0,0,4.183,2.987,4.183,0,0,0,0,3.37,0,0,0,0,0,4.312,0,0,0,2.987,0,0,0,0,0,0,4.529,0,0,0,0,0,0,0,0,0,0,0,0,0,0,5.252,4.687,0,0,0,0,0,0,0,2.353,0,0,0,5.34,0,0,0,0
"w1.c6",0,0.693,0,0,0,0,0,0,0,0,0,0,0,0,0,0,0,0,0,10.309,8.243,5.303,6.909,8.294,0,5.994,11.312,0,0,0,0,0,5.303,0,0,0,0,0,0,0,0,0,0,5.994,0,0,0,0,0,0,0,0,0,0,0,0,0,0,4.784,5.497,2.987,4.034,2.987,2.353,0,2.987,0,5.997,0,0,0,0,0,0,2.353,0,0,0,0,2.353,0,0,0,0,0,0,0,0,0,0,0,0,0,0,0,0,0,0,0,0,0,0,0,0,0,0,0,0,0,0,0,0,0,0,0,0,0,0,0,0,0,0,0,0,0,0,0,0,0,0,0,0,0,0,0,0,0,0,0,0,0,0,0,0,0,0,0,0,0,0,0,0,0,0,0,0,0,0,0,0,0,0,0,0,0,0,0,0,0,0,0,0,0,0,0,0,0,0
"w1.c7",0.693,1.099,0,0,0,0,0,0.693,0,0,0,0,0,0,0,0,0,0,5.707,12.72,10.329,5.994,9.17,7.938,5.303,0,0,0,0,0,0,4.615,0,0,0,5.707,4.615,0,0,0,0,0,0,4.615,0,0,0,0,0,0,0,0,0,4.615,0,0,0,0,6.372,5.663,2.987,5.882,0,0,0,4.856,0,2.987,0,0,0,0,0,0,0,0,0,0,2.987,0,0,2.353,0,0,0,0,0,0,0,0,0,3.644,0,0,0,0,0,0,0,0,0,0,0,0,0,0,0,0,0,0,0,0,0,0,0,0,0,0,0,0,0,0,0,0,0,0,0,0,0,0,0,0,0,0,2.353,0,0,0,0,0,0,0,0,0,0,0,0,0,0,0,0,0,0,0,0,0,0,0,0,0,0,0,0,0,3.644,0,0,0,0,0,0,0,0,3.37,0,0,0,0
"w1.c8",2.996,1.386,0,0,0,0,0,1.609,3.555,0,0,0,0,0,0,0,0,5.303,8.343,13.56,9.518,5.994,0,7.245,0,0,0,0,0,0,0,0,4.615,0,0,0,0,4.615,0,0,0,0,0,0,0,0,0,0,0,4.615,0,0,0,4.615,0,0,0,0,6.342,0,0,0,5.34,2.353,0,3.858,0,3.37,0,0,0,0,0,0,3.37,0,0,0,0,2.353,0,3.37,0,0,7.488,0,0,8.462,0,0,0,2.987,0,0,0,0,0,0,2.987,0,0,0,0,0,0,0,0,0,0,0,0,0,0,0,0,0,0,0,0,0,0,5.154,3.644,4.426,0,0,0,0,4.529,0,0,0,0,0,0,0,0,0,0,0,0,0,0,0,0,4.183,0,0,0,2.353,0,0,0,0,0,0,0,0,0,0,2.353,2.611,0,0,0,0,0,0,0,0,0,0,0,5.045,0,0,0,0
"w1.c9",0,0,0,0,0,0,0,0,0.693,0,0,0,0,0,0,0,0,0,0,10.989,8.909,5.994,6.909,7.601,0,0,8.795,0,0,0,0,0,0,0,0,0,0,0,0,0,0,0,0,0,0,0,0,0,0,0,0,0,0,0,0,0,0,0,5.567,5.252,0,0,0,2.353,0,5.779,0,3.644,0,0,0,0,0,0,2.353,0,0,0,0,0,0,0,0,0,0,0,0,0,0,0,0,0,0,0,0,0,0,0,0,0,0,0,0,0,0,0,0,0,0,0,0,0,0,0,0,0,0,0,0,0,0,0,0,0,0,0,0,0,0,0,0,0,0,0,2.353,0,0,0,0,0,0,0,0,0,0,0,0,0,0,0,0,0,0,0,0,0,0,0,0,0,0,0,0,0,0,0,0,0,0,0,0,0,0,0,0,0,0,0
"w1.c10",0,0,0,0,0,0,0,0.693,0,0,0,0,0,0,0,0,0,0,6.909,9.705,5.707,7.091,8.343,9.393,0,0,10.824,0,0,4.615,0,0,0,0,0,0,0,0,0,0,0,0,0,5.707,0,0,0,0,4.615,0,0,0,0,0,0,0,0,0,7.454,5.857,0,0,2.353,0,0,7.037,0,4.621,0,0,0,0,0,0,0,0,0,0,3.644,2.353,0,0,0,0,5.252,0,0,4.183,0,0,0,2.987,0,2.987,2.353,0,0,0,0,0,0,0,0,0,0,0,0,0,0,0,0,0,0,0,0,0,0,0,0,0,0,0,0,0,0,0,0,0,4.312,0,0,0,0,0,0,0,0,0,0,0,0,0,0,0,0,0,0,0,0,0,0,0,0,0,0,0,0,0,0,0,2.987,1.822,0,0,4.312,0,0,0,0,0,0,0,0,2.987,0,0,0,0
"w1.c11",5.124,0,0,0,0,0,0,2.639,2.197,0,0,0,0,0,0,0,0,5.707,8.343,13.713,10.142,0,0,5.303,0,0,6.686,0,0,0,0,4.615,0,0,0,0,0,0,0,0,0,0,4.615,0,0,0,0,0,0,0,0,0,0,0,0,0,0,0,2.353,5.154,2.987,2.353,0,4.784,0,3.858,0,0,0,0,0,0,0,0,2.987,0,0,0,0,0,3.858,5.297,0,0,7.605,0,0,8.246,0,0,0,3.37,0,0,0,0,0,0,2.353,0,0,0,0,0,0,0,0,0,0,0,0,0,0,0,0,0,0,0,0,0,0,3.644,2.353,2.987,0,0,0,0,3.37,0,0,0,0,0,0,0,0,0,0,0,0,0,0,0,0,0,0,0,0,0,0,0,0,0,0,0,0,0,0,0,3.37,3.478,0,0,2.987,0,0,0,0,0,0,0,0,5.882,2.353,0,0,0
"w1.c12",0,0.693,0,0,0,0,0,0,0,0,0,0,0,0,0,0,0,4.615,0,10.882,7.601,6.686,6.804,8.764,0,0,7.901,0,0,0,0,0,0,0,0,0,4.615,0,0,0,0,4.615,0,5.994,5.303,0,0,0,0,0,0,0,0,0,0,0,0,4.312,6.139,3.37,0,0,2.353,0,0,6.401,0,4.529,0,0,0,0,0,0,0,0,0,0,2.987,0,0,0,0,0,0,0,0,0,0,0,0,2.987,0,0,0,0,0,0,0,0,0,0,0,0,0,0,0,0,0,0,0,0,0,0,0,0,0,0,0,0,0,0,0,0,0,0,0,0,2.353,0,0,0,0,0,0,0,0,0,0,0,0,0,0,0,0,0,0,0,0,0,0,0,0,0,0,0,0,0,0,0,0,0,0,0,2.353,0,0,0,0,0,0,0,0,0,0,0,0,0
"w2.c1",4.533,1.792,0,0,0,0,0,1.792,2.485,0,0,0,0.693,0,0,0,0,0,8.132,11.812,9.127,5.303,6.686,8.294,0,0,7.697,0,0,0,0,0,0,0,0,0,0,0,0,0,0,0,0,6.399,0,0,0,0,0,0,0,0,0,0,0,0,0,2.987,2.353,4.923,0,0,3.37,0,0,4.621,0,2.353,0,0,0,0,0,0,2.353,0,0,0,0,2.353,2.353,0,0,0,7.488,2.987,0,7.709,2.987,0,0,5.46,0,0,0,0,0,0,0,0,0,0,0,0,0,0,0,0,0,0,0,0,0,0,0,0,0,0,0,0,0,0,2.353,2.987,0,0,2.987,0,4.034,2.987,0,0,0,0,0,0,0,0,0,0,0,0,0,0,0,0,0,0,0,2.987,0,0,0,0,0,0,0,2.353,0,0,2.987,4.622,0,0,0,0,0,0,4.183,0,0,0,0,3.644,0,0,0,0
"w2.c2",3.761,4.595,0,0,0,0,0,1.386,4.304,0,0,0,0,0,0,0,0,0,8.882,11.579,7.697,0,6.399,0,0,0,8.39,0,0,0,0,0,5.303,0,0,0,5.303,0,0,0,0,0,0,0,0,0,0,0,0,0,0,0,0,0,0,0,0,0,6.899,4.183,2.353,0,2.353,0,0,7.222,0,0,0,2.353,0,0,0,0,0,0,0,0,0,0,0,0,0,0,7.6,2.987,0,6.916,2.353,2.353,0,4.784,0,0,0,0,0,0,2.353,0,2.353,0,0,0,0,0,0,0,0,0,0,2.353,0,0,0,0,0,0,0,0,0,2.987,3.37,2.987,0,0,0,0,4.529,0,0,0,0,0,0,0,0,0,0,0,0,0,0,0,0,0,0,0,0,2.353,0,0,0,0,0,0,0,0,0,0,4.529,4.108,0,0,0,0,2.353,2.353,2.353,0,0,0,0,4.034,2.353,0,0,0
"w2.c3",4.007,0.693,0,0,0,0,0,2.833,4.489,0,0,0,1.386,0,0,0,0,0,8.733,12.42,8.294,0,5.303,7.091,0,0,5.303,0,0,0,0,0,0,0,0,0,0,0,0,0,5.303,5.303,0,5.303,0,0,0,0,0,0,0,0,0,0,0,0,0,2.353,6.643,3.37,0,2.353,2.353,0,0,8.187,0,5.101,0,0,0,0,0,0,8.142,0,0,0,4.426,2.987,0,0,0,0,7.6,0,0,6.76,0,0,0,5.045,0,0,2.353,0,0,0,0,0,0,0,0,0,0,0,0,0,0,0,0,0,0,0,0,0,0,0,0,0,0,0,2.987,3.644,0,0,0,0,4.621,2.353,0,0,0,0,3.644,0,0,0,0,0,0,2.353,0,0,0,2.353,0,0,0,3.37,0,0,0,2.353,0,0,0,2.353,0,0,0,4.059,0,0,0,0,0,0,2.353,0,0,0,0,4.529,0,2.353,0,0
"w2.c4",5.236,1.099,0,0,0,0,0,3.497,5.124,0,0,0,0,0,0,0,0,0,8.594,9.82,0,6.399,5.303,7.864,0,0,5.303,0,0,0,0,4.615,0,0,0,0,4.615,0,4.615,0,0,0,0,5.303,0,0,0,0,0,0,0,0,0,0,0,0,0,0,3.644,4.312,0,0,2.353,0,0,5.46,0,0,0,0,0,0,0,0,0,0,0,0,3.644,3.37,0,0,0,0,6.387,2.987,0,6.311,0,0,3.37,5.297,0,0,0,0,0,0,0,0,0,0,0,0,0,2.353,0,0,0,0,0,0,0,0,0,2.353,0,0,0,0,0,0,2.353,2.987,0,0,0,0,4.034,0,0,0,2.353,0,2.987,0,0,0,0,0,0,0,0,0,0,0,0,0,0,2.987,0,0,0,0,0,0,0,0,0,0,0,2.972,0,0,0,0,0,0,0,0,0,0,0,2.353,2.353,2.353,0,0
"w2.c5",4.745,3.296,0,0,0,0,0,2.079,2.708,0.693,0,0,0,0,0,0,0,0,8.477,12.335,9.68,0,7.378,8.594,0,0,9.962,0,0,0,0,0,0,0,0,0,0,0,0,0,0,0,0,0,0,0,0,0,0,0,0,0,0,0,0,0,0,0,3.37,5.204,2.353,2.353,0,0,0,3.37,0,0,0,0,0,0,0,0,0,0,2.353,0,0,2.987,0,4.183,0,0,8.119,4.426,0,8.076,0,0,0,2.987,0,0,0,0,0,0,0,0,0,0,0,2.353,0,0,0,0,0,0,0,0,0,0,0,0,0,0,0,0,0,4.856,3.644,0,0,0,0,0,4.034,0,0,0,0,0,0,0,0,0,0,0,0,0,0,0,0,0,0,0,0,0,0,0,0,0,0,0,0,0,0,0,3.644,4.488,0,0,2.987,0,0,0,0,0,0,0,0,4.426,0,0,0,0
"w2.c6",0,1.099,0,0,0,0,0,0,0,1.099,0,0,0,0,0,0,0,0,0,9.393,5.994,4.615,5.303,7.245,0,0,11.455,0,0,0,0,0,0,0,0,0,0,0,0,0,0,0,0,0,0,0,5.303,0,0,0,0,0,0,0,0,0,0,0,5.832,5.154,4.426,0,0,0,0,0,0,5.533,0,0,4.986,0,0,0,0,0,2.353,0,0,0,0,0,0,0,0,0,0,0,0,0,0,0,0,0,0,0,0,0,0,0,0,0,0,0,0,0,0,0,0,0,0,0,0,0,0,0,2.353,0,2.353,0,0,0,0,2.353,0,0,0,0,0,0,0,0,0,0,0,0,0,0,0,0,0,0,0,0,0,0,0,0,0,0,0,0,0,0,0,0,0,0,0,0,0,1.494,0,0,0,0,0,0,0,0,0,0,0,0,0,0,0,0
"w2.c7",0,0,0,0,0,0,0,2.398,1.099,0.693,0,0,0,0,0,0,0,0,5.303,13.634,8.557,6.686,4.615,7.784,0,0,5.994,0,0,0,0,0,5.994,0,0,0,6.686,0,0,0,0,0,0,5.994,4.615,0,0,0,0,0,0,5.303,0,4.615,0,0,0,0,7.317,5.906,4.034,0,0,3.644,0,4.034,0,2.353,0,0,0,0,0,0,0,0,2.353,0,4.312,2.353,0,3.644,0,0,2.353,0,0,2.353,0,0,0,2.353,0,0,0,0,0,0,0,0,0,0,0,0,0,0,0,0,0,0,0,0,0,0,0,0,0,0,0,0,0,2.353,0,0,0,0,0,0,0,0,0,0,0,0,0,0,0,0,0,0,0,0,0,0,0,0,0,0,0,0,0,0,0,0,0,0,0,0,0,0,0,0,0,0,0,0,0,0,0,0,0,0,0,3.644,0,0,0,0
"w2.c8",3.932,1.386,0,0,0,0,0,1.946,3.258,0,0,0,0,0,0,0,0,6.909,9.23,13.101,10.282,6.399,6.686,5.994,0,0,9.409,0,0,0,0,4.615,0,0,0,0,0,0,0,0,0,0,0,5.303,0,0,0,0,0,0,0,0,0,0,0,0,0,0,4.312,0,0,2.353,3.644,0,0,3.37,0,3.644,0,0,0,0,0,0,0,0,0,0,2.987,2.353,0,0,0,0,6.676,0,0,7.516,0,0,0,0,0,0,0,0,0,0,0,0,0,0,0,0,0,0,0,0,0,0,0,0,0,0,0,0,0,0,0,0,0,2.353,2.353,0,0,0,0,0,4.183,0,0,0,0,0,0,0,0,0,0,0,0,0,0,0,0,0,0,0,0,0,0,0,0,0,0,0,0,0,0,0,0,3.058,0,0,0,0,0,0,0,0,0,0,0,2.353,0,0,0,0
"w2.c9",0,0,0,0,0,0,0,0,0.693,0,0,0,0,0,0,0,0,0,0,11.59,6.399,5.994,0,6.399,0,0,10.874,0,0,0,0,0,0,0,0,0,0,0,0,0,0,0,0,0,0,0,0,0,0,0,0,0,0,0,0,0,0,0,4.986,5.252,0,0,2.353,0,0,4.426,0,4.034,0,0,0,0,0,0,3.644,0,0,0,0,0,0,0,0,0,3.858,0,0,0,0,0,0,0,0,0,0,0,0,0,0,0,0,0,0,0,0,0,0,0,0,0,0,0,0,0,0,0,0,0,0,0,0,0,0,2.987,0,0,0,0,0,0,0,0,0,0,0,0,0,0,0,0,0,0,0,0,0,0,0,0,0,0,0,0,0,0,0,0,0,0,0,0,0,1.176,0,0,0,0,0,0,0,0,0,0,0,0,0,0,0,0
"w2.c10",2.944,0.693,0,0,0,0,0,1.609,0,0,0,0,0,0,0,0,0,0,6.399,11.869,4.615,0,7.378,6.399,0,0,9.873,0,0,0,0,0,0,0,0,0,4.615,0,0,0,0,0,0,0,0,0,0,0,0,0,0,0,0,0,0,0,0,0,7.474,5.101,0,0,2.353,2.987,0,7.037,0,4.923,2.987,0,0,0,0,0,2.353,0,0,0,2.353,0,0,0,0,0,5.6,3.644,0,2.987,0,0,0,2.353,0,0,0,0,0,0,0,0,0,2.987,0,0,0,0,0,0,0,0,0,0,0,0,0,0,0,0,0,0,0,2.987,2.353,2.353,0,0,0,0,4.784,0,0,0,4.034,0,0,0,0,0,0,0,0,0,0,0,0,0,0,0,0,0,0,0,0,0,0,0,0,0,0,0,2.353,0.347,0,0,4.034,0,0,0,0,0,0,0,0,2.353,0,0,0,0
"w2.c11",5.187,0,0,0,0,0,0,2.303,3.045,0,0,0,0,0,0,0,0,5.994,8.434,13.816,10.196,6.399,0,6.399,0,0,10.719,0,0,0,0,0,0,0,0,0,0,0,0,0,0,0,0,0,0,0,0,0,0,0,0,0,0,0,0,0,0,0,6.04,4.784,2.987,0,2.353,5.34,0,4.312,0,0,0,0,0,0,0,0,2.353,0,2.353,0,0,5.663,2.987,5.045,0,0,7.844,5.497,0,7.724,2.987,0,0,3.37,0,0,0,0,0,0,2.987,0,0,0,0,0,0,0,0,0,0,0,0,2.353,0,0,0,0,0,0,0,0,0,4.706,3.644,0,0,0,0,0,4.621,0,0,0,0,0,0,0,0,0,0,0,0,0,0,0,0,2.353,0,0,0,0,0,0,0,0,0,0,0,0,0,0,2.353,3.502,0,0,0,0,0,0,0,0,0,2.987,0,5.204,0,0,0,0
"w2.c12",0,1.099,0,0,0,0,0,0,1.099,0,0,0,0,0,0,0,0,0,0,10.719,7.697,5.994,5.303,7.245,0,0,9.393,0,0,0,0,0,0,0,0,0,0,0,0,0,0,0,0,6.686,0,0,0,0,0,0,0,0,0,0,0,0,2.353,0,4.784,4.034,0,0,2.353,0,0,2.353,0,4.621,0,0,0,2.353,0,0,0,0,0,0,0,0,0,0,0,0,0,0,0,0,0,0,0,3.37,0,0,4.312,0,0,0,0,2.353,0,0,0,0,0,2.353,0,0,0,2.353,0,0,0,0,0,0,0,0,0,0,0,0,2.987,4.529,0,0,0,0,0,0,0,0,0,0,0,0,0,0,0,0,0,0,0,0,0,0,0,0,0,0,0,0,0,0,0,0,0,0,0,0,0,1.822,0,0,0,0,0,0,0,0,0,0,0,2.353,0,0,0,0
"w4.c1",5.22,1.609,0.693,0.693,0,0,0,3.738,4.382,1.386,0,0,0.693,0,0,0,0,0,8.434,12.805,8.434,6.686,4.615,6.909,0,0,4.615,0,0,0,0,0,4.615,0,0,0,0,0,0,0,0,0,0,0,0,0,0,0,0,0,0,0,0,0,0,0,0,0,2.353,4.529,2.987,0,0,0,0,6.176,0,4.426,0,0,0,0,0,0,2.353,0,0,0,2.353,2.987,0,0,0,0,7.728,3.644,0,7.17,3.37,0,0,5.34,0,0,0,0,0,0,0,0,0,0,0,0,0,0,0,0,0,0,0,0,0,0,0,0,0,0,0,0,0,2.353,0,3.37,0,0,0,0,2.987,0,0,0,2.353,0,5.382,0,0,0,0,0,0,0,0,0,0,0,0,0,0,2.353,0,0,0,0,0,0,0,0,0,0,0,4.628,0,0,2.353,0,0,0,2.353,0,0,0,0,0,3.37,0,0,0
"w4.c2",2.639,3.871,0.693,0,0,0.693,0.693,2.303,3.555,0.693,0,0,0,0,0,0,0,0,8.189,11.699,6.399,5.994,0,7.378,0,0,7.171,0,0,0,0,0,0,0,0,0,0,0,4.615,0,0,0,0,0,0,0,0,0,0,0,0,0,0,0,0,0,0,2.987,5.204,4.426,2.353,4.034,0,3.37,0,7.228,0,0,0,0,0,0,0,0,4.706,0,0,0,0,0,0,0,0,0,8.071,4.784,0,6.76,2.353,0,0,5.154,0,0,0,0,0,0,0,0,0,0,0,0,0,0,0,0,0,0,0,0,0,0,0,0,0,0,0,0,0,0,0,2.987,0,0,2.987,0,3.644,0,0,0,0,0,3.858,0,0,0,0,0,0,0,0,0,0,0,0,0,0,3.37,0,0,0,0,0,0,0,0,0,0,4.529,4.291,0,0,0,0,0,0,2.353,0,0,2.353,0,3.644,2.987,0,0,0
"w4.c3",4.575,2.079,0,0,0,0,1.099,3.714,4.673,0,0.693,0,0,0,0,0,0,5.303,8.189,12.634,0,0,0,0,0,0,0,0,0,0,0,0,0,0,0,0,0,0,0,0,0,0,0,0,0,0,5.303,0,0,5.303,0,0,0,0,0,0,0,2.353,5.632,3.858,4.183,2.353,0,2.353,2.987,7.493,2.353,4.183,0,0,0,0,0,0,7.328,0,0,0,0,2.353,0,0,0,0,7.388,4.923,0,5.882,0,2.987,0,4.529,0,0,2.353,0,0,0,0,0,0,2.987,0,0,0,0,0,0,0,0,0,2.353,0,0,0,0,0,0,0,0,3.37,2.353,3.644,3.644,0,0,0,0,2.987,0,0,0,2.353,0,3.858,0,0,0,0,0,0,0,0,0,0,2.353,0,0,0,2.353,0,0,0,0,0,0,0,0,0,0,2.987,3.781,0,0,0,0,0,0,0,0,0,0,0,3.858,0,0,0,0
"w4.c4",4.615,0,0,0,0,0,0,3.466,4.844,0,0,0,0,0,0,0,0,4.615,8.557,12.559,0,6.686,0,7.091,0,0,4.615,0,0,0,0,0,0,0,0,0,0,0,0,4.615,0,4.615,0,4.615,0,0,0,0,0,0,0,0,0,0,0,0,0,0,5.997,4.706,2.353,0,0,2.353,0,7.592,0,0,0,0,0,0,0,0,2.987,0,0,0,2.987,3.37,0,0,0,0,7.377,3.37,0,5.882,0,0,0,4.706,2.353,0,0,0,0,0,0,0,0,0,0,0,0,0,0,0,0,0,0,0,0,0,0,0,0,0,2.353,0,0,3.644,2.987,3.37,0,0,0,0,4.183,0,0,0,3.37,2.987,5.101,0,0,0,0,0,0,0,0,0,0,0,0,0,0,4.426,2.353,0,0,0,0,0,0,0,0,0,2.987,3.377,0,0,0,0,0,0,0,0,0,0,0,2.353,0,0,0,0
"w4.c5",3.178,2.303,0,0,0.693,0,0,2.565,2.639,0.693,0,0,0,0,0,0,0,0,7.697,13.006,10.775,5.994,5.994,8.243,0,0,9.741,0,0,0,0,0,5.303,0,0,0,0,0,0,0,0,0,0,0,0,0,0,0,0,0,0,0,0,0,0,0,0,2.353,2.353,4.986,2.353,0,3.644,3.858,0,6.643,0,2.353,0,0,0,5.045,0,0,2.987,0,3.37,0,2.353,3.858,0,3.644,0,0,8.455,5.694,0,7.772,3.644,0,0,3.644,0,0,0,0,0,0,0,0,0,0,0,0,0,0,0,0,0,0,0,0,0,3.644,0,0,0,0,0,0,2.987,3.858,0,4.529,0,0,0,0,2.987,0,0,0,0,0,2.987,0,0,0,0,0,0,0,0,0,0,0,0,2.353,0,0,0,0,0,0,0,0,0,0,0,0,4.706,4.757,0,0,2.987,0,0,0,0,0,0,0,0,3.37,2.353,0,0,0
"w4.c6",0.693,0.693,0,0,0,0,0,2.639,0.693,0,0,0,0,0,0,0,0,0,0,12.39,0,6.686,0,5.303,0,0,0,0,0,0,0,0,0,0,0,0,0,0,0,0,0,0,0,0,0,0,0,0,0,0,0,0,0,0,0,0,0,3.858,7.282,5.154,4.986,3.644,0,0,0,2.353,0,4.183,0,0,0,0,0,0,0,0,3.37,0,0,0,0,0,0,0,0,0,0,0,0,0,0,0,0,0,0,0,0,0,0,0,0,0,0,0,0,0,0,0,0,0,0,0,0,0,0,0,2.353,0,0,0,0,0,0,2.987,0,0,0,0,0,0,0,0,0,0,0,0,0,0,0,0,0,0,0,0,0,0,0,0,0,0,0,0,0,0,0,0,0,0,0,0,0,0.347,0,0,0,0,0,0,0,0,0,0,0,0,0,0,0,0
"w4.c7",1.386,1.386,0,0,0,0,0,3.912,2.944,2.708,0,0,0,0,0,0,0,0,6.217,12.055,9.831,6.686,0,5.303,0,0,11.067,0,0,0,0,0,0,0,0,0,4.615,0,5.303,0,0,0,0,4.615,0,0,0,0,0,0,0,0,0,0,4.615,0,0,2.353,8.156,5.34,0,2.353,0,2.353,0,3.858,0,0,0,0,0,0,0,0,0,0,2.353,0,0,2.353,0,3.37,0,0,0,0,0,0,0,0,0,2.353,0,0,0,0,0,0,0,0,0,0,0,0,0,0,0,0,0,0,0,0,0,0,0,0,0,0,0,0,0,0,0,0,0,0,0,0,0,0,0,0,0,0,0,0,0,0,0,0,0,0,0,0,0,0,0,0,0,0,2.353,2.353,0,0,0,0,0,0,0,0,0,0.347,0,0,0,0,0,0,0,0,0,0,0,0,0,0,0,0
"w4.c8",4.771,2.944,0,0,0,0,0,3.135,5.357,2.079,0,0,0,0,0,0,0,0,6.686,12.262,9.642,5.994,6.217,7.55,0,0,10.491,0,0,0,0,0,0,0,0,0,0,0,0,0,0,0,0,0,0,0,0,0,0,0,0,0,0,0,0,0,0,0,5.997,0,0,2.353,4.312,0,0,5.93,0,4.529,0,0,0,0,0,0,0,0,0,0,0,2.353,0,3.644,0,0,7.398,6.157,0,7.947,4.034,0,0,0,0,0,0,0,0,0,0,0,0,2.353,0,0,0,0,0,0,0,0,0,0,0,0,0,0,0,0,0,0,0,4.183,0,0,0,0,2.353,0,2.353,0,0,0,0,0,0,0,0,0,0,0,0,0,0,0,0,2.353,0,0,0,0,0,0,0,0,0,0,0,0,0,0,0,2.438,0,0,0,0,0,0,0,0,0,0,0,4.312,0,0,0,0
"w4.c9",0.693,0.693,0,0,0,0,0,1.386,0,2.996,0,0,0,0,0,0,0,0,0,12.68,0,7.784,5.303,6.399,0,0,5.303,0,0,0,0,0,0,0,5.303,0,0,0,0,5.994,0,5.994,0,0,0,0,0,0,0,4.615,0,0,0,0,0,0,0,0,6.04,4.856,0,0,0,0,0,5.953,0,3.858,0,0,0,0,0,0,0,0,0,0,2.353,0,0,0,0,0,0,0,0,0,0,0,0,0,0,0,0,0,0,0,0,0,0,0,0,0,0,0,0,0,0,0,0,0,0,0,0,0,3.37,0,0,0,0,0,0,3.644,0,0,0,0,0,0,0,0,0,0,0,0,0,0,0,0,0,0,0,0,0,0,0,0,0,0,0,0,0,0,0,0,0,0,0,0,0,0,0,0,0,0,0,0,0,0,0,0,0,0,0,0,0,0
"w4.c10",3.091,0.693,0,0,0,0,0,3.526,3.332,0,0,0,0,0,0,0,0,0,5.994,11.079,0,5.994,0,8.189,0,0,7.784,0,0,0,0,0,0,0,0,0,0,0,0,0,0,0,0,4.615,0,5.303,0,0,0,0,0,0,0,0,0,0,0,2.353,6.04,4.529,2.353,2.353,4.529,4.034,0,5.34,0,4.529,2.987,0,0,0,0,0,0,0,0,0,0,2.987,0,0,0,0,5.882,2.987,0,2.353,0,0,0,0,0,0,0,0,0,0,0,0,0,0,0,0,0,0,0,0,0,0,0,2.353,0,0,0,0,0,0,0,0,0,2.987,2.353,0,0,0,0,0,3.37,0,0,0,0,0,2.353,0,0,0,0,0,0,0,0,0,0,2.353,0,0,0,0,0,2.353,0,0,0,0,0,0,0,0,2.987,3.113,0,0,2.987,0,0,0,0,0,0,0,0,0,0,0,0,0
"w4.c11",4.043,1.792,0,0,0.693,0,0,2.639,2.89,0,0,0.693,0,0,0,0,0,0,6.399,12.909,10.422,7.784,0,7.697,0,0,10.373,0,0,0,0,0,0,0,0,0,0,0,0,0,0,0,0,0,0,0,0,0,0,4.615,0,0,4.615,0,0,0,0,0,4.034,4.183,0,0,0,5.533,0,3.644,0,0,0,0,0,2.353,0,0,0,0,0,0,0,0,3.644,5.906,2.353,0,7.827,6.387,0,7.796,3.644,0,0,3.37,0,0,0,0,0,0,0,0,0,0,0,0,0,0,0,0,0,0,0,2.353,0,0,0,0,2.353,0,0,0,0,4.426,2.353,4.784,0,0,0,0,4.312,0,0,0,0,0,0,0,0,0,0,0,0,0,0,0,0,0,0,0,0,0,0,0,0,0,0,0,0,0,0,0,2.353,3.681,0,0,2.353,0,0,0,0,0,0,0,0,4.784,0,0,0,0
"w4.c12",0,0,0,0,0,0,0,1.946,2.197,2.398,0,0,0,0,0,0,0,4.615,4.615,12.167,0,7.601,0,6.217,0,0,4.615,0,0,0,0,0,0,0,5.303,0,0,0,0,0,0,4.615,0,0,0,0,0,0,0,0,0,0,0,0,0,0,0,0,6.958,4.706,0,2.353,2.987,0,0,4.986,0,4.923,0,0,0,0,0,0,0,0,0,0,2.987,0,0,0,0,0,0,0,0,0,0,0,0,0,0,0,3.644,0,2.353,0,0,0,0,0,0,0,0,0,0,0,0,0,0,0,0,0,0,0,0,0,0,0,0,0,0,4.706,0,0,0,0,0,0,0,0,0,0,0,0,0,0,0,0,0,0,0,0,0,0,0,0,0,0,0,0,0,0,0,0,0,0,0,0,0,1.176,0,0,0,0,0,0,0,0,0,0,0,0,0,0,0,0
"w8.c1",3.932,1.386,0.693,0,0,0,0,3.045,4.331,1.099,0,0,0,0,0,0,0,0,7.496,11.601,5.994,5.994,5.303,0,0,0,6.686,0,0,0,0,0,0,0,0,0,0,0,5.303,0,0,0,0,4.615,0,0,0,0,0,0,0,0,0,0,0,0,0,0,5.045,5.567,2.353,2.353,2.353,0,0,4.706,0,0,0,0,0,0,0,0,0,0,0,0,0,2.353,2.353,3.644,0,0,6.311,3.37,2.353,6.1,3.37,0,0,5.154,0,0,0,0,0,0,0,0,0,0,0,0,0,0,0,0,0,0,0,0,0,0,0,0,2.353,0,0,0,0,0,0,2.353,0,0,2.987,0,0,0,0,0,0,0,6.416,0,0,0,0,0,0,0,0,0,0,2.987,0,0,0,0,0,0,0,0,0,0,0,0,0,0,4.426,4.341,0,0,2.353,0,0,0,2.353,0,0,0,0,2.353,0,0,0,0
"w8.c2",3.97,2.398,0,0.693,0,0,0,2.833,4.174,0.693,0,0,0,0,0,0,0,0,5.707,12.517,0,0,0,0,0,0,4.615,0,0,0,0,0,0,0,4.615,4.615,0,0,7.864,0,0,0,0,0,0,0,0,0,0,0,0,0,0,0,0,0,0,0,6.536,5.101,0,0,2.987,3.37,0,6.06,0,0,0,5.382,0,0,0,0,0,0,0,0,0,0,2.987,0,0,0,6.942,2.987,0,5.422,4.923,4.784,0,5.567,0,0,0,0,0,0,0,0,0,0,0,0,0,0,0,0,0,0,0,2.987,0,0,0,0,0,0,0,0,0,0,2.353,3.644,0,0,3.858,0,4.621,0,2.353,0,3.858,0,5.906,0,0,0,0,0,0,0,0,0,0,0,0,0,0,3.37,0,0,0,0,0,0,0,0,0,0,4.426,3.865,0,0,0,0,0,0,3.37,0,0,3.37,0,2.987,0,0,0,0
"w8.c3",4.234,3.664,0,0,0,0,1.099,3.332,4.762,1.386,0,0,0,0,0,0,0.693,5.303,7.245,12.415,0,0,0,6.399,0,0,0,0,0,0,0,0,6.399,0,5.303,0,0,0,5.303,0,0,5.303,0,6.217,0,0,0,0,0,0,0,0,0,0,0,0,0,2.353,7.553,4.621,2.353,3.37,0,4.183,0,6.958,0,4.923,0,0,0,0,0,0,6.966,0,0,0,0,0,2.353,2.353,0,0,6.471,2.987,0,5.204,4.784,0,0,4.426,0,0,2.353,0,0,0,0,0,0,0,0,0,0,0,2.353,0,0,0,0,0,0,2.353,0,0,3.37,0,2.987,0,0,3.858,3.858,4.621,0,0,2.987,0,4.426,0,0,0,4.621,2.353,6.719,0,0,0,0,0,0,2.987,0,0,0,0,0,0,0,3.37,0,0,0,0,3.644,0,0,0,0,0,3.37,3.366,0,0,0,0,0,0,0,0,0,0,0,3.37,0,0,0,0
"w8.c4",3.367,0.693,0,0.693,0,0,0,3.912,4.935,1.099,0,0,0,0,0,0,0.693,0,7.378,10.889,0,7.378,4.615,6.909,4.615,0,0,0,0,0,0,0,0,0,0,0,0,0,0,4.615,0,0,0,0,0,0,0,0,0,0,0,0,0,0,0,0,0,2.987,5.422,5.663,0,3.644,2.353,2.353,0,7.081,0,0,0,0,0,0,0,0,0,0,0,0,2.353,0,0,2.353,0,0,6.279,4.183,0,4.784,2.987,2.987,0,5.857,0,0,0,0,0,0,0,0,0,0,0,0,0,0,2.353,0,0,0,0,0,0,0,2.353,0,0,0,2.987,0,0,2.987,2.987,2.987,0,0,0,0,4.986,0,0,0,4.986,0,7.796,0,2.353,0,0,0,0,0,0,0,0,0,0,0,0,4.034,0,0,0,0,2.987,0,2.353,3.644,0,0,5.204,3.622,0,0,0,0,0,2.353,3.37,0,0,0,0,0,0,0,0,0
"w8.c5",3.761,2.565,0,0.693,0,0,0,2.565,4.127,1.099,0,0,0,0,0,0,0.693,0,6.686,12.127,7.378,0,0,8.477,0,0,10.355,0,5.994,0,0,0,0,0,0,0,0,0,0,0,0,0,0,0,0,0,0,0,0,0,0,0,0,0,0,0,0,0,4.529,5.694,0,0,2.987,2.353,2.353,4.426,0,2.987,0,0,0,0,0,0,0,0,2.353,0,0,2.353,3.37,5.533,0,0,7.713,4.856,0,8.35,0,2.987,0,5.663,0,0,0,0,0,0,2.353,0,0,0,0,0,0,0,0,0,0,0,0,2.353,0,2.353,0,0,0,0,0,0,0,2.987,2.987,5.204,0,0,0,0,2.987,0,0,0,0,0,2.353,0,0,0,0,0,0,0,0,0,0,0,0,0,0,0,0,0,0,0,0,0,0,0,0,0,4.529,4.337,0,0,2.353,0,0,0,0,2.353,0,0,0,4.034,0,0,0,2.353
"w8.c6",0,0,0,0,0,0,0,1.386,0.693,2.485,0,0,0,0,0,0,0,0,0,11.597,0,0,0,5.303,0,0,0,0,0,0,0,0,0,0,5.994,0,0,0,5.303,0,0,0,0,0,0,0,0,0,0,0,0,0,0,0,0,0,0,0,8.091,5.694,3.858,0,0,0,0,0,0,4.183,0,0,0,0,0,0,0,0,4.426,0,0,0,0,0,0,0,0,0,0,2.353,0,3.37,0,3.644,0,0,0,0,0,0,0,0,0,0,0,0,0,0,0,2.987,0,0,0,2.353,0,0,0,2.353,2.353,0,0,0,0,0,0,2.987,0,0,0,0,0,0,0,0,0,0,0,0,0,0,0,0,0,0,0,0,0,0,0,0,0,0,0,0,0,0,0,0,0,0,0,0,0,1.929,0,0,0,0,0,0,0,0,0,0,0,0,0,0,0,0
"w8.c7",4.394,1.609,0,0,0,0,0,2.398,4.043,2.639,0,0,0,0,0,0,0,0,6.217,11.889,5.994,6.686,0,8.102,0,0,9.409,0,0,0,0,0,0,0,0,0,0,0,0,0,0,0,0,4.615,0,4.615,0,0,0,0,0,0,0,0,0,0,0,0,6.609,5.533,0,2.987,0,5.832,0,3.858,0,2.353,0,0,0,0,0,0,0,0,2.987,0,0,0,0,5.297,0,0,0,0,0,8.124,0,0,0,5.46,0,0,0,0,2.353,0,0,0,0,0,0,0,0,0,0,0,0,0,0,2.353,0,0,0,0,0,0,0,0,0,0,0,0,0,0,0,0,2.987,0,0,0,0,0,6.019,0,0,0,0,0,2.353,0,0,0,0,0,0,0,0,2.353,0,0,0,0,0,0,0,2.987,0,0,2.987,3.452,0,0,0,0,0,0,0,0,0,0,0,0,0,0,0,2.987
"w8.c8",3.689,3.784,1.386,0,0,1.099,0,3.045,4.554,1.609,0,1.609,0.693,0,0,0,0,4.615,7.697,12.19,8.071,7.091,6.552,7.824,0,0,8.132,0,0,0,0,0,0,0,0,0,4.615,0,0,0,0,0,4.615,5.303,0,0,0,0,0,0,0,0,0,0,0,0,0,0,5.422,5.297,0,0,4.621,0,0,5.101,0,3.644,0,0,0,0,0,0,0,0,0,0,0,2.353,2.353,3.858,0,0,7.116,5.422,0,7.183,4.706,0,0,2.987,0,0,0,0,2.987,0,0,2.987,0,0,0,0,0,0,2.353,0,2.353,0,0,0,0,2.353,0,0,0,0,0,0,0,4.183,3.644,2.353,0,0,3.37,0,2.987,0,0,0,3.644,0,2.353,0,0,0,0,0,0,0,0,0,0,2.353,0,0,0,0,0,0,0,0,0,0,0,0,0,0,2.353,3.872,0,0,0,0,0,0,0,0,0,0,0,3.644,0,0,0,0
"w8.c9",0,0,0,0,0,0,0,1.386,0.693,2.197,0,0,0,0,0,0,0,0,0,11.035,0,5.994,0,6.909,0,0,6.399,0,0,0,0,0,0,0,5.994,0,0,0,6.686,0,0,0,0,5.994,0,0,0,0,0,0,0,0,0,0,0,0,0,0,7.932,5.723,2.353,2.353,0,0,0,5.297,0,5.751,0,0,0,0,0,0,6.081,0,0,0,0,0,0,0,0,0,2.353,0,0,0,0,0,0,4.784,0,0,2.353,0,0,0,2.353,0,0,0,0,0,0,0,2.353,0,0,0,0,0,0,0,0,0,0,0,0,0,0,0,0,2.987,0,0,0,0,0,0,0,0,0,0,0,0,0,0,0,0,0,0,0,0,0,0,0,0,0,2.987,0,0,0,0,0,0,0,0,0,0,0,0.347,0,0,0,0,0,0,0,0,0,0,0,2.353,0,0,0,0
"w8.c10",4.06,1.099,0,0.693,0,0,0,3.332,4.174,1.386,0,0,0,0,0,0,0.693,0,6.399,11.348,4.615,0,0,5.303,0,0,7.864,0,0,0,0,0,0,0,0,0,0,0,4.615,0,0,0,0,0,0,0,0,0,0,0,0,0,0,0,0,0,0,3.858,5.297,5.832,0,3.644,2.987,0,0,6.665,0,4.621,3.37,0,0,0,0,3.37,0,0,0,0,5.101,2.353,0,0,0,0,7.311,3.644,2.353,7.095,3.37,0,0,5.045,0,0,0,0,0,0,0,0,0,0,0,0,0,0,0,0,0,0,0,0,0,0,0,0,0,0,0,0,0,2.353,2.353,0,0,0,0,0,3.858,0,0,0,3.858,0,3.644,0,0,0,0,0,0,0,0,0,0,0,0,0,0,2.353,0,2.353,0,0,0,0,0,0,0,0,2.987,3.955,0,0,0,0,0,0,2.353,0,0,2.987,0,4.706,0,0,0,0
"w8.c11",4.127,2.639,0,0,0,0.693,0,3.526,4.719,0,0,0.693,0,0,0,0,0,0,6.686,12.714,7.091,0,0,5.707,0,0,7.65,5.303,0,0,0,0,0,0,0,0,0,0,0,0,0,0,0,0,0,0,0,0,0,4.615,0,0,0,0,0,0,0,0,2.353,5.422,2.353,0,2.353,4.784,0,3.644,0,0,0,0,0,0,0,0,0,0,0,0,0,0,4.529,5.663,0,0,7.177,0,0,8.083,0,0,0,4.312,0,0,3.858,0,0,0,4.034,0,0,0,0,0,0,0,0,0,0,0,0,0,0,0,0,0,0,0,2.353,0,0,3.37,2.987,5.632,0,0,2.353,0,4.426,0,0,0,0,0,0,0,0,0,0,0,0,0,0,0,0,2.353,0,0,0,0,0,0,0,0,0,0,0,0,0,0,0,3.763,0,0,3.37,0,0,0,0,0,0,0,0,5.497,0,0,0,0
"w8.c12",1.386,0.693,0,0,0,0,0,2.079,3.296,2.079,0,0,0,0,0,0,0,0,5.707,12.497,0,5.994,0,7.004,0,0,0,0,0,0,0,0,0,0,4.615,0,0,0,0,0,0,0,0,0,0,0,0,0,0,0,0,0,0,0,0,0,0,2.353,7.67,5.382,0,3.37,0,2.353,0,4.923,0,5.533,0,0,0,0,0,0,2.353,0,0,0,3.644,2.353,0,2.987,0,0,2.987,0,0,4.923,0,0,0,4.426,0,0,3.37,0,0,0,0,0,0,0,0,0,0,0,0,0,0,0,0,0,0,2.353,0,0,0,0,0,0,0,0,2.353,5.46,0,0,0,0,4.034,0,0,0,2.353,0,5.694,0,0,0,0,2.353,0,0,0,0,0,0,0,0,0,2.353,0,0,0,0,0,0,0,0,0,0,3.644,3.038,0,0,0,0,0,0,0,0,0,0,0,2.353,0,0,0,0
"w12.c1",4.522,1.099,2.079,0,0,0,1.099,4.22,6.133,1.099,0,0,0,0,0,0,0,0,4.615,12.871,0,7.601,0,0,6.399,0,7.171,0,0,0,0,0,4.615,4.615,0,0,0,0,0,0,4.615,5.303,0,6.552,0,4.615,0,0,0,0,0,0,0,0,0,0,0,0,6.04,5.751,0,0,2.353,0,0,5.297,0,4.529,0,0,0,0,0,0,2.353,0,0,0,0,0,0,2.353,0,0,6.51,2.353,0,6.729,0,0,0,6.561,0,0,2.353,0,0,0,2.353,0,0,0,0,0,0,2.353,0,0,0,0,0,0,2.353,2.353,0,0,0,0,0,0,0,2.353,0,3.644,0,0,3.37,0,3.644,0,0,0,0,0,7.215,0,0,4.183,0,0,0,0,0,0,0,0,0,0,0,0,0,0,0,0,0,0,0,4.034,0,0,4.034,3.548,0,0,0,0,0,0,2.353,0,0,0,0,3.37,0,0,0,0
"w12.c2",4.489,2.303,2.639,0,0,0,0,3.689,4.745,0.693,0,0,0,0,0,0,0.693,0,0,12.771,0,8.189,0,0,0,0,6.399,0,0,0,0,0,0,0,0,0,0,0,7.091,0,0,0,0,4.615,0,0,0,0,0,0,0,0,0,0,0,0,0,0,5.422,6.295,0,0,2.987,3.858,0,4.706,0,0,0,5.101,0,0,0,0,0,0,0,0,0,2.353,4.312,2.987,0,0,7.052,2.353,2.353,6.357,0,0,0,6.687,0,0,0,0,0,0,0,0,0,0,0,0,2.987,0,0,0,0,0,0,2.353,0,2.353,0,0,0,0,0,0,0,2.353,3.858,3.37,0,0,3.644,0,4.529,0,0,0,0,0,4.706,0,0,0,0,0,0,0,0,0,0,0,0,0,0,3.37,3.644,0,0,0,3.858,0,0,3.858,0,0,5.045,3.658,0,0,0,0,0,0,2.353,0,0,2.353,0,4.923,2.353,0,2.987,0
"w12.c3",4.025,5.258,0.693,0,0,0,2.079,4.745,5.733,0,0,0,0,0,0,0,0.693,0,5.303,11.97,0,5.303,0,0,0,0,0,0,0,0,4.615,0,5.303,0,0,0,0,0,5.994,4.615,0,0,0,0,0,0,0,0,0,0,0,0,0,0,0,0,0,0,7.956,6.327,3.644,4.312,0,4.426,0,6.523,0,5.632,0,0,0,0,0,0,6.925,0,0,0,0,2.987,2.987,2.987,0,0,6.246,2.987,0,6.573,0,0,0,5.93,0,0,0,0,0,0,0,0,0,0,0,0,0,0,0,0,0,0,0,0,0,2.353,0,0,0,0,0,0,0,4.621,3.858,3.37,0,0,4.034,0,4.856,0,0,0,0,0,6.1,0,0,2.353,0,0,0,2.353,0,0,0,0,0,0,0,0,2.353,0,0,0,3.37,0,0,3.644,0,0,4.923,3.799,0,0,0,0,0,0,0,0,0,0,0,5.154,0,2.353,0,0
"w12.c4",4.828,2.996,2.197,0.693,0,0,0,4.754,5.677,0.693,0,0,0,0,0,0,0,0,5.707,12.194,0,7.601,0,0,0,0,5.994,0,0,0,0,0,0,0,0,0,0,0,4.615,0,5.303,0,0,0,0,0,0,0,0,0,0,0,0,0,0,0,0,0,7.768,5.751,2.353,0,0,2.353,0,5.779,0,2.987,0,0,0,0,0,0,0,0,0,0,0,2.353,0,0,0,0,5.252,0,0,5.997,0,0,0,5.34,0,0,0,0,0,0,0,0,0,0,0,0,0,0,0,0,0,0,0,0,0,0,2.353,0,0,0,0,0,0,0,2.353,2.987,0,0,2.353,0,4.621,0,0,0,0,0,7.935,0,0,0,0,0,0,2.353,0,0,0,0,0,0,0,2.987,0,0,0,0,5.252,0,0,5.045,0,0,4.034,3.175,0,0,0,0,0,0,4.312,0,0,0,0,0,0,2.987,0,0
"w12.c5",2.303,3.434,0,0.693,0,0,0,1.099,3.497,0,0,0,0,0,0,0,0,0,5.303,11.891,8.243,0,0,7.784,5.994,0,9.23,0,12.545,0,0,0,0,0,0,0,0,0,0,0,0,0,0,0,0,0,0,0,0,0,0,0,0,0,0,0,0,0,6.342,6.06,2.353,3.37,4.784,3.37,0,5.6,0,4.312,0,0,0,0,0,0,0,0,0,0,0,2.353,2.353,6.06,0,0,7.17,3.37,0,8.156,0,0,0,6.444,0,2.987,0,0,0,0,3.37,0,0,0,0,0,0,2.353,0,0,0,0,0,3.37,0,3.37,0,0,0,0,0,0,0,4.621,4.183,3.644,0,0,0,0,4.183,0,0,0,0,0,3.858,0,0,0,0,0,0,0,0,0,0,0,0,0,0,0,0,0,0,0,2.353,0,0,0,0,0,2.987,4.284,0,0,0,0,0,0,0,0,0,2.353,0,5.882,2.353,2.987,0,2.987
"w12.c6",5.081,0.693,0,0,0,0,0,0.693,2.303,0,0,0,0,0,0,0,0,0,0,9.518,0,5.994,0,0,0,0,9.105,0,0,0,0,0,0,0,0,0,5.303,0,5.303,0,0,0,0,0,0,0,0,0,0,0,0,0,0,0,0,0,0,0,6.62,6.279,4.183,2.987,2.353,0,0,2.987,0,4.529,0,0,0,0,0,0,0,0,0,0,0,2.353,0,0,0,0,2.353,0,0,6.729,0,0,0,6.06,0,0,0,0,0,0,0,0,0,0,0,0,0,0,0,0,0,0,0,0,0,0,0,0,0,0,0,0,0,0,0,0,0,0,0,0,0,0,0,0,0,0,0,0,0,0,0,0,0,0,0,0,0,0,0,0,0,0,0,0,0,0,0,0,0,0,0,0,0,2.705,0,0,0,0,0,0,0,0,0,0,0,0,0,0,0,0
"w12.c7",4.025,0.693,0,0,0,0,0,0.693,3.761,0,0,0,0,0,0,0,0,0,0,12.285,8.557,7.784,0,7.004,0,0,8.243,0,0,0,0,0,5.303,0,0,0,0,0,4.615,0,0,0,0,0,0,0,0,0,0,0,0,0,0,0,0,0,0,0,4.986,6.933,0,2.987,0,3.37,0,5.34,0,4.034,0,0,0,0,0,0,0,0,0,0,0,0,0,5.806,0,0,5.882,0,0,6.708,0,0,0,6.444,0,0,2.353,0,0,0,0,0,0,0,0,0,0,0,0,0,0,0,0,0,0,2.353,0,0,0,0,0,0,0,0,0,0,0,0,0,0,0,0,0,0,0,0,2.353,0,0,0,0,0,0,0,0,0,0,0,0,0,0,0,0,0,0,0,0,0,0,0,0,0,0,4.345,0,0,0,0,0,0,0,0,0,0,0,4.183,0,0,0,0
"w12.c8",4.454,2.565,2.565,0,0,0,0,3.497,3.829,0.693,0,0,0,0,0,0,0,0,6.217,12.067,9.25,8.631,0,6.217,0,0,9.012,0,0,0,0,0,0,0,0,0,0,0,0,0,0,0,0,4.615,0,0,0,0,0,0,0,0,0,0,0,0,0,0,6.194,5.663,2.987,3.858,5.422,0,0,6.899,0,4.183,0,0,0,0,0,0,0,0,0,0,2.353,3.37,2.353,2.987,0,0,6.789,0,0,7.764,2.987,0,0,5.252,0,0,0,0,0,0,2.987,0,0,0,0,0,0,0,0,0,0,0,0,0,0,0,0,0,0,0,0,0,0,3.37,2.987,3.858,0,0,3.858,0,3.644,0,0,0,0,0,4.426,0,0,0,0,0,0,0,0,0,0,2.353,0,0,0,0,0,0,0,0,0,0,0,0,0,0,2.987,3.753,0,0,0,0,0,0,0,2.353,0,0,0,5.857,0,0,0,0
"w12.c9",0.693,0.693,0,0,0,0,0,2.485,1.386,1.099,0,0,0,0,0,0,0,0,0,12.522,0,5.303,0,4.615,0,0,6.686,0,0,0,0,0,0,0,0,0,5.303,0,0,5.303,0,0,0,0,0,5.303,0,0,0,0,0,0,0,0,0,0,0,0,6.372,6.585,0,2.353,4.784,2.987,0,7.806,0,6.573,0,0,0,0,0,0,3.858,0,0,0,4.183,2.987,0,0,0,0,0,0,0,4.784,0,0,0,7.294,0,0,0,0,0,0,0,0,0,0,0,0,0,0,0,0,0,0,0,0,0,2.353,0,0,0,0,2.353,0,0,0,0,3.858,0,0,0,0,2.987,0,0,0,0,0,0,0,0,0,0,0,0,0,0,0,0,0,0,0,0,0,2.353,0,0,0,0,0,0,0,0,4.034,0,3.407,0,0,0,0,0,0,0,0,0,0,0,2.353,0,0,0,0
"w12.c10",4.605,3.434,0,0,0,0,0,2.996,2.944,0,0,0,0,0,0,0,0,0,0,12.835,4.615,7.091,0,0,0,0,7.091,0,0,0,0,0,0,0,0,0,0,0,0,0,0,4.615,0,5.707,0,0,0,0,0,0,0,0,0,0,0,0,0,2.353,4.034,6.687,2.353,3.644,5.422,0,0,7.164,0,5.93,2.987,0,0,0,0,0,0,0,0,0,6.357,2.987,0,3.37,0,0,7.817,2.353,0,7.014,0,0,0,6.357,0,0,2.353,0,0,0,0,0,0,0,0,0,0,2.987,0,0,0,0,0,0,0,0,0,0,0,0,0,0,0,2.987,2.987,3.37,0,0,0,0,3.644,0,0,0,0,0,0,0,0,0,0,0,0,0,0,0,0,0,0,0,0,0,0,0,0,0,0,0,0,2.353,0,2.353,2.987,4.217,0,0,0,0,0,0,3.644,0,0,0,0,4.312,2.353,0,2.353,0
"w12.c11",5.063,1.946,0.693,0,0,0,0,2.398,4.248,0,0,1.099,0,0,0,0,0,0,4.615,12.568,9.359,6.686,0,7.938,0,0,10.597,8.733,0,0,0,0,0,0,0,0,5.303,0,4.615,0,0,0,0,0,0,0,0,0,0,0,0,0,0,0,0,0,0,0,5.997,5.6,0,2.987,3.37,5.93,0,6.311,0,0,0,0,0,0,0,0,2.353,0,0,0,0,2.987,4.312,5.34,0,0,6.789,0,0,7.444,0,0,0,6.416,0,2.353,0,2.353,0,0,0,4.034,0,2.353,0,0,0,0,0,0,0,0,0,0,0,0,2.987,0,0,0,0,0,0,3.37,0,3.37,0,0,0,0,3.644,0,0,0,0,0,6.019,0,0,0,0,0,0,0,0,0,0,2.987,0,0,0,2.353,0,0,0,0,5.045,0,0,5.297,0,0,4.426,3.991,0,0,0,0,0,0,0,0,0,0,0,6.019,0,3.644,0,2.987
"w12.c12",5.069,2.89,0.693,0,0,0,0,2.708,4.419,0,0,0.693,0,0,0.693,0,0,0,4.615,12.142,0,0,0,7.784,0,0,7.741,0,0,0,0,0,0,0,0,0,0,0,4.615,0,4.615,0,0,4.615,0,4.615,0,0,0,0,0,0,0,0,0,0,0,2.353,6.372,5.632,0,4.529,3.37,2.353,0,6.342,0,6.958,0,0,0,0,0,0,0,0,0,0,0,0,0,4.183,0,0,4.856,0,0,6.12,0,0,0,6.342,0,0,2.353,0,0,0,0,0,0,0,0,0,0,0,0,0,0,0,0,0,0,0,0,0,0,0,0,0,0,0,0,0,0,0,0,0,3.858,0,0,0,0,0,3.37,0,0,0,0,0,0,0,0,0,0,0,0,0,0,2.353,0,0,0,0,2.353,0,0,0,0,0,4.183,4.262,0,0,0,0,0,0,4.621,0,0,0,0,4.312,0,0,0,0
"w15.c1",4.06,1.099,4.554,2.773,0,3.091,2.079,4.585,6.422,2.197,0,0,0.693,0,0,0,0.693,0,4.615,11.781,0,4.615,0,4.615,0,0,5.303,0,0,0,0,0,0,0,0,0,0,4.615,0,0,0,0,0,0,0,0,0,0,0,0,0,0,0,0,0,0,0,2.353,7.388,6.019,2.353,0,2.353,0,0,5.751,0,4.706,0,0,0,0,0,0,0,0,0,0,0,2.987,2.353,2.353,0,0,6.211,3.37,0,5.045,2.353,0,0,5.46,0,0,0,0,0,0,2.353,0,0,0,0,0,0,0,0,0,0,0,0,0,0,0,0,0,0,0,0,0,0,2.353,0,0,0,0,3.37,0,3.858,0,0,0,3.858,2.353,6.573,0,0,0,0,2.353,0,0,0,0,0,0,0,0,0,3.858,0,0,0,0,4.706,0,3.644,5.723,0,0,0,3.588,0,0,0,0,0,0,0,0,0,0,0,2.987,0,0,0,0
"w15.c2",5.024,2.079,3.871,3.045,2.773,2.708,3.664,4.836,6.412,1.386,0.693,1.792,0,0.693,1.609,0,0,4.615,5.994,12.292,0,5.994,0,0,0,0,0,0,0,0,0,0,4.615,0,0,0,0,0,5.303,0,0,4.615,0,0,0,0,0,0,0,0,0,0,0,0,0,0,0,2.987,5.6,6.211,0,0,3.644,0,0,4.621,0,0,0,4.529,0,0,0,0,0,0,0,0,0,0,2.987,0,0,0,6.262,3.858,0,5.252,3.858,3.37,0,6.194,0,0,0,0,0,2.353,0,0,0,0,0,0,0,0,0,0,0,0,0,0,0,0,0,0,0,0,2.353,0,0,0,0,0,0,0,3.644,0,4.183,0,0,0,0,0,3.858,0,0,0,0,0,0,0,0,0,0,2.353,0,0,0,2.353,0,0,0,0,0,0,2.353,4.426,2.353,0,0,4.262,0,0,0,0,0,2.353,0,0,0,0,2.353,5.045,0,0,0,3.644
"w15.c3",3.892,3.497,3.401,3.178,0.693,1.946,3.091,5.063,6.24,0.693,0.693,0.693,1.792,0,0.693,0.693,0,4.615,0,12.298,5.994,5.303,0,5.303,0,0,6.686,0,0,0,0,0,0,0,0,0,5.994,0,0,0,5.303,0,0,0,0,5.303,0,0,0,0,0,0,0,0,0,0,0,0,8.633,6.471,3.644,3.644,3.37,3.644,0,6.229,0,6.342,0,0,0,0,0,0,5.751,0,3.37,0,4.784,2.353,2.987,0,0,0,7.994,5.997,0,5.154,2.987,2.987,0,6.211,0,0,0,0,0,0,0,0,0,0,0,0,0,0,0,0,0,0,0,2.987,0,3.37,0,0,0,0,0,0,0,2.353,0,0,0,0,2.987,0,3.644,0,0,0,2.353,0,4.312,0,0,0,0,0,0,0,0,0,0,2.353,0,0,0,3.858,0,0,0,0,0,0,2.987,2.353,0,0,3.37,3.516,0,0,2.353,0,0,0,0,2.353,0,0,0,3.858,0,0,0,0
"w15.c4",4.318,4.344,3.466,4.466,0,4.344,0.693,5.366,5.545,0,0,0,0,0,0,0,0,0,4.615,11.156,0,5.303,5.303,4.615,4.615,0,7.091,0,0,0,0,0,0,0,0,0,4.615,0,0,0,0,0,0,4.615,0,4.615,0,0,0,4.615,0,0,0,0,0,0,0,0,4.426,6.262,2.353,2.987,2.353,4.312,0,7.234,0,3.644,0,0,0,0,0,0,0,0,0,0,0,3.644,0,0,0,0,6.899,4.784,0,5.497,3.37,4.312,4.312,6.95,0,0,0,0,2.353,0,0,0,2.353,0,0,0,0,2.353,0,0,0,0,0,0,0,3.644,2.987,0,3.37,0,0,0,2.353,3.858,3.37,0,0,0,0,0,2.353,0,0,0,2.987,0,5.832,0,0,0,0,0,0,0,0,0,0,0,0,0,0,2.353,0,0,0,0,4.426,0,0,3.644,0,0,4.034,3.628,0,0,0,0,0,0,0,0,0,0,0,4.621,0,0,0,0
"w15.c5",5.017,4.318,2.398,1.386,0,1.609,0,2.89,5.525,0,0,1.386,0,0,0,0,0,0,6.399,12.467,6.399,6.686,0,8.243,5.303,0,9.342,0,0,0,0,0,5.303,0,0,0,5.303,0,0,0,0,0,0,0,0,0,0,0,0,0,0,0,0,0,0,0,0,0,7.081,5.882,2.353,0,6.019,0,0,2.353,0,0,0,0,0,0,0,0,0,0,5.045,0,0,3.644,4.426,5.497,0,0,5.723,2.987,0,7.997,0,0,0,5.154,0,0,0,0,0,0,0,0,0,0,0,0,0,0,0,0,0,0,0,2.353,0,0,0,0,0,0,0,0,0,0,0,0,0,0,2.987,0,2.353,0,0,0,0,0,3.858,0,0,0,0,0,0,0,0,0,0,0,0,0,0,0,0,0,0,0,0,0,0,0,0,0,2.987,4.215,0,0,0,0,0,0,0,0,0,0,0,6.387,0,0,0,0
"w15.c6",5.572,0.693,0,0,0,0,0,2.708,4.443,0.693,0,0,0,0,0,0,0,0,0,10.655,0,5.994,0,0,0,0,7.245,0,0,0,0,0,0,0,0,0,0,0,0,0,0,0,0,0,0,0,0,0,0,0,0,0,0,0,0,0,0,0,8.563,6.176,3.644,0,0,0,0,2.987,0,4.784,0,2.353,0,0,0,0,0,0,4.183,0,0,0,0,2.353,0,0,2.353,2.353,0,5.806,2.987,4.706,0,6.176,0,0,0,0,0,0,0,0,0,0,0,0,0,0,0,0,0,0,0,0,0,0,0,0,0,0,0,0,0,0,0,0,0,0,0,0,3.644,3.37,0,0,0,0,0,0,0,0,0,0,0,0,0,0,0,0,0,0,0,3.644,3.37,0,0,0,0,0,0,2.353,0,0,0,3.121,0,0,0,0,0,0,0,0,0,0,0,2.987,0,0,0,0
"w15.c7",4.564,2.485,0,0,0,0,0,1.609,4.787,0.693,0,0,0,0,0,0,0,0,6.399,11.823,8.216,8.39,0,7.741,0,0,7.65,0,0,0,0,0,0,0,0,0,4.615,0,4.615,0,0,0,0,0,0,0,0,0,0,0,0,0,0,0,0,0,0,0,6.548,6.75,2.353,0,2.353,4.621,0,7.367,0,2.987,0,0,0,0,0,0,0,0,3.644,0,2.353,4.183,0,5.422,0,0,3.858,2.353,0,5.567,0,0,0,5.533,0,2.987,0,0,0,0,2.353,0,0,2.353,0,0,0,2.353,0,0,0,0,0,0,0,2.353,0,0,0,0,0,0,0,0,0,0,0,0,0,0,4.183,0,0,0,0,0,5.045,0,0,0,0,0,0,0,0,0,0,0,0,0,0,0,0,0,0,0,0,0,0,2.987,0,0,0,4.313,0,0,0,0,0,0,0,0,0,0,0,3.644,0,0,0,0
"w15.c8",4.127,3.401,2.708,0.693,0,0,0,3.045,4.304,0.693,0,0.693,0,0,0,0,0,4.615,7.171,12.408,9.68,5.994,0,7.004,0,0,9.518,4.615,0,0,0,0,0,0,0,0,0,5.303,0,0,0,0,0,5.303,0,0,0,0,0,0,0,0,0,0,0,0,0,0,6.837,5.906,2.353,0,4.856,0,0,6.654,0,5.34,0,0,0,0,0,0,0,0,0,0,0,0,3.37,3.858,0,0,4.986,4.312,0,5.632,0,3.37,0,6.081,0,0,0,0,0,0,0,2.353,0,0,0,0,0,0,0,0,0,0,0,0,0,0,2.353,0,0,0,0,0,0,2.987,0,0,0,0,2.987,0,0,0,0,0,2.353,0,2.353,0,0,0,0,0,0,0,0,0,0,0,0,0,0,0,0,0,0,0,0,0,0,3.37,0,0,0,3.889,0,0,0,0,0,0,0,0,0,2.353,0,5.857,0,0,0,0
"w15.c9",3.258,0.693,0.693,0.693,0,0,0,4.205,3.638,1.099,0,0,0,0,0,0,0,0,0,11.692,0,5.994,0,0,0,0,6.909,0,0,0,0,0,0,0,0,0,5.303,0,0,0,4.615,0,0,5.994,4.615,0,0,0,0,0,0,0,0,0,0,0,0,0,5.6,5.806,0,0,5.204,0,0,6.698,0,6.372,0,0,0,0,0,0,0,0,2.353,0,0,0,0,0,0,0,0,3.644,0,6.654,2.987,0,0,6.229,0,0,0,0,0,0,0,0,0,0,0,0,0,0,0,2.353,0,0,0,0,0,0,0,0,0,0,0,0,0,0,0,0,0,0,0,0,0,0,0,0,0,0,0,0,0,0,0,0,0,0,0,0,0,0,0,0,0,2.353,2.353,0,0,0,0,0,0,0,0,0,0,3.496,0,0,0,0,0,0,0,0,0,0,0,2.987,0,0,0,2.353
"w15.c10",5.501,3.689,0,0.693,0,1.386,0,3.434,4.691,0.693,0,1.099,1.099,0.693,0,0.693,0.693,0,6.217,12.798,0,5.707,0,4.615,0,0,4.615,0,0,0,0,0,0,0,0,0,0,4.615,0,0,0,0,0,4.615,0,0,0,0,0,0,0,0,0,0,0,0,0,0,3.37,5.975,0,2.987,2.987,2.353,0,2.987,0,5.497,0,0,0,0,0,0,0,0,4.034,0,5.297,0,0,0,0,0,5.045,3.37,0,6.401,0,0,0,5.101,0,0,0,0,0,0,0,0,0,0,0,0,0,0,0,0,0,0,0,0,0,0,0,0,0,0,0,0,0,0,2.353,0,0,0,0,0,0,0,0,0,0,0,0,0,0,0,0,0,0,0,0,0,0,0,0,0,0,0,3.37,0,0,0,0,0,0,0,0,0,0,3.447,0,0,0,0,0,0,0,0,0,0,0,4.183,0,0,0,2.353
"w15.c11",4.935,2.197,0,0,0,1.386,0.693,3.091,5.517,0,0.693,2.398,0,1.946,2.833,0,0.693,0,0,12.856,7.938,4.615,6.217,7.864,0,0,9.306,6.399,0,0,0,0,5.707,0,0,0,0,0,5.303,0,0,0,0,0,0,0,0,0,0,5.303,0,0,0,0,0,0,0,0,2.353,4.706,3.644,0,0,3.644,0,5.567,0,3.644,0,0,0,0,0,0,0,0,0,0,0,0,4.706,4.426,0,0,5.533,2.987,0,6.982,3.858,0,0,6.1,0,0,0,0,0,0,2.353,0,0,0,0,0,0,0,0,0,0,0,0,0,0,2.353,0,0,0,0,0,0,0,2.353,2.353,0,0,0,2.353,0,4.183,0,0,0,0,0,2.353,0,0,0,0,0,0,0,0,0,0,2.353,0,0,0,0,0,0,0,0,2.353,0,0,3.37,0,0,3.37,4.144,2.353,0,0,0,0,0,0,0,0,3.37,0,7.658,0,0,0,0
"w15.c12",5.303,2.833,2.197,0.693,0,0,0,3.045,6.023,0,0,0,0,0,0,0,0,0,5.303,13.322,0,0,0,8.7,0,0,10.008,0,0,0,0,0,0,0,0,0,0,0,4.615,0,0,0,0,4.615,0,0,0,0,0,0,0,0,0,0,0,0,0,0,7.521,5.382,2.353,3.644,3.644,2.353,0,4.034,0,7.209,0,0,0,0,0,0,0,0,0,0,0,3.858,0,4.183,0,0,3.858,0,0,3.37,0,2.987,2.353,5.882,0,0,2.987,0,0,0,0,0,0,0,0,0,0,0,0,0,0,0,0,0,0,0,2.353,0,0,0,0,0,0,0,0,0,0,0,0,0,0,0,0,0,2.987,0,4.706,0,0,0,0,0,0,0,0,0,0,0,0,0,0,0,0,0,0,0,0,0,0,2.987,0,0,3.644,4.801,0,0,0,0,0,2.353,0,0,0,0,0,3.858,0,0,0,0
"w19.c1",3.401,1.099,5.501,1.946,0.693,2.197,3.784,4.804,6.535,2.565,0,1.099,1.609,0,0,0,0,0,0,11.702,0,5.303,6.217,5.707,0,0,4.615,0,0,0,0,0,0,0,0,0,0,4.615,5.994,4.615,0,0,0,5.707,0,0,0,0,0,0,0,0,0,0,0,0,0,3.644,6.891,5.806,2.353,2.987,0,0,0,6.523,0,5.6,0,0,0,0,0,0,0,0,0,0,0,3.644,2.353,2.987,0,0,7.444,2.987,0,7.203,0,3.37,2.353,6.43,2.353,0,0,0,0,0,0,2.353,0,0,0,0,0,0,0,0,0,0,0,0,0,0,0,0,0,0,0,0,0,0,0,0,0,0,0,0,3.37,2.353,0,0,4.312,0,5.93,0,0,0,0,0,0,0,0,0,0,0,0,0,0,2.987,0,0,0,0,0,0,0,3.644,0,0,3.37,4.27,0,0,0,0,0,0,0,0,0,0,0,4.034,0,0,0,0
"w19.c2",3.555,2.398,2.303,3.466,3.401,3.434,4.875,4.86,7.054,1.386,0.693,2.398,1.099,0.693,1.609,0,0,0,5.303,12.169,0,6.909,0,6.217,0,0,6.909,0,0,0,0,0,0,0,0,0,0,5.303,0,4.615,4.615,0,0,5.707,0,0,0,0,0,0,0,0,0,0,0,0,0,3.644,7.553,5.93,0,0,0,4.706,0,4.034,0,0,0,5.204,0,0,0,0,0,0,0,0,0,5.533,0,0,0,0,8.766,0,0,6.958,0,3.644,0,6.76,0,0,3.644,0,0,0,0,0,0,0,0,0,0,0,0,0,0,0,0,0,0,0,0,0,0,0,0,0,0,0,0,0,0,0,3.644,0,4.706,0,0,0,0,0,0,0,0,0,3.644,0,0,0,0,0,0,0,0,0,0,0,5.297,0,0,0,0,0,0,4.856,0,0,2.987,4.194,0,0,4.529,0,0,0,4.312,0,0,0,0,5.6,0,0,0,3.644
"w19.c3",4.111,3.85,3.135,3.045,1.792,1.386,3.045,4.898,6.25,1.609,0,0,4.025,0,0.693,1.099,0,5.994,4.615,12.744,5.303,6.909,0,6.399,0,0,6.686,0,0,0,0,0,0,0,0,0,5.303,0,0,0,4.615,0,0,4.615,0,0,0,4.615,0,0,0,0,0,0,0,0,0,5.46,7.662,6.019,3.644,4.529,3.644,5.101,0,4.312,0,6.585,0,0,4.312,0,0,0,4.986,0,0,0,0,4.034,2.987,0,0,0,8.063,0,0,8.437,0,4.312,0,6.536,0,0,0,0,0,0,0,0,0,0,0,0,0,0,0,0,0,0,0,2.987,0,4.312,0,0,0,0,0,0,0,0,0,0,0,0,0,0,4.986,0,0,0,0,0,5.297,0,0,0,0,0,0,0,0,0,0,0,0,0,0,4.856,0,0,0,0,2.987,0,0,0,0,0,4.312,2.7,0,0,0,0,0,0,0,0,0,0,0,4.706,0,0,0,0
"w19.c4",2.833,3.434,2.079,2.197,0,2.944,0.693,3.466,5.303,0,0,0,0.693,0,0,0,0,0,4.615,12.027,4.615,5.303,4.615,6.399,0,0,8.132,0,0,0,0,0,0,0,0,0,4.615,4.615,0,0,0,0,4.615,0,0,0,4.615,0,0,0,0,0,0,0,0,0,0,0,6.925,5.533,0,3.644,2.353,2.987,0,6.846,0,3.858,0,0,0,0,0,0,0,0,0,0,0,5.154,0,0,0,0,7.646,4.621,0,6.99,0,4.312,0,6.194,0,0,0,0,0,0,0,0,2.353,0,0,0,0,0,0,0,0,0,0,0,0,3.644,0,0,0,0,0,0,0,0,0,0,0,0,0,0,2.987,0,0,0,2.987,0,5.567,0,0,0,3.37,0,0,0,0,0,0,0,0,0,0,0,0,0,0,0,4.426,0,0,4.183,0,0,3.644,3.854,0,0,5.297,0,0,0,3.858,0,0,0,0,6.457,0,0,0,0
"w19.c5",5.866,1.946,5.226,1.792,1.099,1.792,0.693,3.932,5.666,3.045,0,2.639,1.099,0.693,0,0,0.693,0,5.303,13.049,10.602,5.994,0,5.303,0,0,9.21,0,5.303,0,0,0,0,0,0,0,0,0,0,0,0,5.303,0,5.303,0,0,0,0,0,0,0,0,0,0,0,0,2.353,0,8.592,5.382,0,2.353,4.529,2.353,0,2.987,0,2.353,0,0,3.644,0,0,0,0,0,3.644,0,0,2.987,3.858,5.154,0,0,7.879,0,0,7.991,0,3.644,0,6.457,0,2.353,0,0,0,0,0,0,0,0,0,0,0,0,0,0,0,0,0,0,0,2.987,0,0,0,0,0,0,0,0,0,0,0,0,2.987,0,2.987,0,0,0,3.37,0,5.497,0,0,0,2.987,0,0,0,0,0,0,0,3.37,0,0,0,0,0,0,0,0,0,0,3.644,0,0,3.644,5.306,0,0,0,0,0,0,0,0,0,2.353,0,7.965,0,0,0,2.987
"w19.c6",5.148,1.099,0,0,0,0,0.693,3.045,4.89,2.485,0,0,2.773,0,0,0,0,0,5.994,12.261,0,5.303,0,0,0,0,7.938,0,0,0,0,0,0,0,0,0,0,0,0,0,0,0,0,6.909,0,0,0,0,0,0,0,0,0,0,0,0,0,4.706,6.51,5.694,3.858,3.858,0,2.987,0,0,0,4.312,0,0,4.706,0,0,0,0,0,3.37,0,0,4.856,0,0,0,0,0,0,0,6.457,0,4.621,0,6.229,0,0,0,0,0,0,0,0,0,0,0,0,0,0,0,0,0,0,0,0,0,2.353,0,0,0,0,0,0,0,0,0,0,0,0,0,0,0,0,0,0,0,0,2.987,0,0,0,0,0,0,0,0,0,0,0,0,0,0,5.806,3.37,0,0,0,0,0,0,0,0,0,0,3.739,0,0,4.034,0,0,0,0,0,0,0,0,0,0,0,0,2.987
"w19.c7",5.583,1.609,0,0,0,0,0.693,2.398,5.71,2.833,0,0,0,0,0,0,0,4.615,4.615,11.468,7.245,6.686,0,7.004,0,0,5.707,0,0,0,0,0,0,0,0,0,0,0,0,0,0,0,0,5.303,0,0,0,0,0,0,0,0,0,0,0,0,0,0,8.773,6.019,2.353,2.353,0,2.987,0,6.327,0,3.37,0,0,0,0,2.353,0,0,2.987,0,0,2.353,3.644,0,3.644,0,0,4.856,0,0,6.882,0,2.987,0,5.906,0,0,2.987,0,0,0,0,0,0,0,0,0,0,2.353,0,0,0,0,0,0,0,0,0,0,0,0,0,0,0,0,0,0,0,0,0,0,0,0,0,0,4.034,0,6.708,0,0,0,0,0,0,0,2.987,0,0,0,0,0,0,0,0,0,0,0,0,0,0,2.353,0,0,6.444,4.645,0,0,0,0,0,0,0,0,0,0,0,5.694,0,0,0,2.353
"w19.c8",4.654,3.871,3.091,0,0,0,1.386,2.996,5.303,1.099,0,0.693,0,0,0,0,0,0,5.994,12.131,9.729,0,5.303,6.399,0,0,9.409,0,0,0,0,0,0,0,0,0,0,0,0,0,0,0,0,5.303,0,0,0,0,5.303,4.615,0,0,0,0,0,0,2.353,0,6.998,5.857,0,2.353,2.353,2.353,0,6.019,0,4.986,0,0,3.644,0,0,0,0,0,0,0,0,4.706,3.644,4.034,0,0,5.567,0,0,7.234,0,2.353,2.353,6.081,0,0,0,0,0,0,0,0,0,0,0,0,0,2.353,0,0,0,0,0,0,0,0,0,0,0,0,0,0,0,0,0,0,0,0,2.353,0,0,0,0,0,2.987,0,5.422,0,0,0,0,0,0,0,0,0,0,0,0,0,0,0,0,0,0,0,2.987,0,0,2.353,0,0,0,3.823,0,0,0,0,0,0,0,0,0,0,0,7.367,0,0,0,0
"w19.c9",5.182,1.609,0,0,0,0,0,4.06,3.091,2.398,0,1.386,1.099,0,0,0,0,5.303,5.303,12.387,0,8.071,0,0,0,0,0,0,0,0,0,0,0,0,0,0,5.303,5.303,0,0,5.994,0,0,5.994,0,0,0,4.615,0,0,0,0,0,0,0,0,0,0,5.723,6.471,0,4.183,0,0,0,4.529,0,5.6,0,0,4.034,0,0,0,0,0,0,0,4.034,5.751,0,0,0,0,5.045,4.621,0,7.813,0,3.644,2.987,6.873,0,0,0,0,0,0,0,0,0,0,0,0,0,0,0,0,0,0,0,0,0,3.37,0,0,0,0,0,0,0,0,0,0,0,0,0,0,2.353,0,0,0,0,0,5.882,0,0,0,0,0,0,0,2.353,0,0,2.353,0,0,0,5.154,3.644,0,0,3.37,0,0,0,0,0,0,3.644,3.389,0,0,3.858,0,0,0,0,0,0,0,0,4.621,0,0,0,2.987
"w19.c10",4.745,2.639,1.099,0,0,3.178,1.609,4.234,5.628,2.197,0,0,3.178,0,0,0.693,0,0,4.615,10.968,0,6.686,0,0,0,0,0,0,0,0,0,0,0,0,0,0,0,4.615,0,0,0,0,0,4.615,0,0,0,0,0,0,0,0,0,0,0,0,0,3.644,7.356,5.975,0,0,2.987,4.784,0,4.856,0,4.183,0,0,4.034,0,0,0,0,0,0,0,6.585,4.183,0,0,0,0,6.882,2.353,0,7.377,0,0,0,6.081,0,2.987,0,0,0,0,0,0,0,0,0,0,0,0,0,0,0,0,0,0,0,0,0,0,0,0,0,0,0,0,0,0,0,0,0,0,0,0,0,3.644,0,0,4.426,0,0,0,0,0,0,0,0,0,0,2.353,0,0,0,5.382,2.987,0,0,0,0,0,0,2.987,0,0,4.426,3.607,0,0,5.779,0,0,0,0,0,0,0,0,6.548,0,0,0,2.987
"w19.c11",4.277,1.946,1.099,1.386,0,0.693,0,2.708,4.443,0.693,0.693,1.609,0,0.693,1.386,0,0,4.615,5.707,12.938,8.294,6.686,0,8.868,0,0,8.631,7.314,0,0,0,0,0,0,0,0,5.707,0,0,5.707,0,0,0,5.707,0,0,0,0,0,0,0,0,0,0,0,0,0,0,4.923,4.856,0,2.353,0,4.034,0,5.382,0,0,0,0,0,0,0,0,0,0,0,0,0,4.183,4.426,3.644,0,2.353,6.194,2.353,0,7.439,0,2.353,0,6.157,0,0,0,0,0,0,0,0,0,0,0,0,0,0,0,0,0,0,0,2.353,0,0,0,0,0,0,0,0,0,0,0,0,0,0,2.353,0,2.353,2.353,0,0,0,0,2.987,0,0,0,4.183,0,0,0,0,0,0,4.183,0,0,0,0,0,0,0,0,0,0,0,2.353,0,0,5.497,4.931,0,0,3.37,0,0,0,0,0,0,2.353,0,8.104,0,0,0,2.987
"w19.c12",4.234,1.386,0,2.079,0,0.693,0,3.332,5.808,1.099,0,0,0,0,0,0,0,0,5.707,12.869,0,6.686,0,6.217,0,0,4.615,0,0,0,0,0,0,0,0,0,0,0,0,0,0,0,0,0,0,0,0,0,0,0,0,0,0,0,0,0,0,3.644,7.203,4.312,0,2.353,0,4.529,0,2.353,0,4.856,0,0,0,0,0,0,0,0,0,0,2.353,2.987,0,4.034,0,0,4.986,0,0,5.806,0,2.353,0,6.211,0,0,0,0,0,0,0,0,0,0,0,0,0,0,0,0,0,0,0,0,0,0,0,0,0,0,0,0,0,0,0,0,0,0,0,0,0,0,0,0,3.644,0,5.422,0,0,0,0,0,0,2.353,0,0,0,0,0,0,0,2.353,0,0,0,0,0,0,0,2.353,0,0,0,4.984,0,0,4.183,0,0,0,0,0,0,0,0,5.751,0,0,0,0
"w24.c1",3.97,0.693,3.466,0,0,2.639,4.92,5.361,6.146,1.792,0,0,3.912,0,0,0,0,0,0,11.115,0,0,4.615,5.303,5.707,0,4.615,0,0,0,0,0,0,0,4.615,0,0,0,0,0,0,0,0,0,0,0,0,0,0,0,4.615,0,0,0,0,0,0,2.987,7.367,4.426,0,3.644,0,3.858,0,5.806,0,3.858,0,0,0,0,0,0,0,0,0,0,0,3.37,0,0,0,0,7.27,0,0,6.471,2.353,4.183,0,6.04,0,0,0,0,0,0,0,0,2.353,2.353,0,0,0,0,0,0,0,0,0,0,0,2.353,0,0,0,0,0,0,0,0,0,0,0,0,0,0,0,0,0,0,4.034,0,5.101,0,0,0,3.644,0,0,2.987,0,0,0,0,0,0,0,0,4.183,0,0,2.353,0,0,0,3.37,0,0,3.858,3.805,0,0,0,0,0,0,0,0,0,0,0,2.353,0,0,0,0
"w24.c2",3.258,2.197,0.693,0,0.693,1.099,4.043,4.949,5.598,2.303,1.099,0,2.89,0,0,0,0,0,5.303,12.114,0,0,5.303,0,0,0,8.434,0,0,0,0,0,0,0,4.615,4.615,0,4.615,0,0,0,4.615,0,5.994,0,5.994,5.994,0,0,0,0,0,0,0,0,0,0,3.644,7.932,4.856,0,3.644,0,0,0,2.987,0,0,0,0,0,0,0,0,0,0,0,0,0,0,0,0,0,0,8.716,3.644,0,7.177,0,2.987,0,6.06,0,0,0,0,0,0,0,0,0,0,0,0,2.353,0,0,0,0,0,0,0,0,2.353,0,0,0,0,0,0,0,0,0,0,0,0,0,0,5.975,0,0,0,4.034,0,3.644,0,0,0,0,0,0,0,0,0,0,0,0,0,0,3.644,4.706,0,0,0,0,0,0,4.312,0,0,5.204,4.293,0,2.987,5.204,0,0,2.987,0,0,0,0,0,5.101,0,0,0,3.37
"w24.c3",4.06,5.477,2.708,0.693,0,0.693,3.738,4.745,5.684,1.099,1.386,0,4.635,0,0,0,0,0,0,11.579,0,5.303,5.303,0,5.303,0,5.303,0,0,0,0,0,0,0,5.303,0,0,0,0,0,0,0,0,0,0,0,0,0,0,0,0,0,0,0,0,0,0,4.034,8.241,5.204,3.644,5.663,4.856,5.382,0,4.706,0,4.986,0,0,0,0,0,0,0,0,0,0,2.987,5.6,2.987,0,0,0,9.334,0,0,6.585,0,4.312,0,5.953,0,0,0,0,0,0,0,0,0,0,0,0,0,0,0,0,0,0,0,0,0,0,0,0,0,0,0,0,0,0,0,0,0,0,2.987,0,0,0,0,0,0,0,4.856,0,0,0,0,0,0,0,0,0,0,0,0,0,0,0,4.312,0,0,0,0,0,0,0,0,0,5.663,3.28,0,0,0,0,0,0,0,0,0,0,0,5.101,0,0,0,0
"w24.c4",0.693,4.263,1.099,0.693,0,0.693,0.693,2.996,3.871,0,0,0,2.398,0,0,0,0,0,0,10.762,0,0,0,0,0,0,9.083,0,0,0,0,0,0,0,0,0,0,0,0,0,0,0,0,5.303,0,0,0,0,0,0,0,0,0,0,0,0,0,0,7.306,5.204,0,4.706,0,3.644,0,5.779,0,3.37,0,0,0,3.644,0,0,0,0,0,0,0,5.533,0,0,0,0,7.334,3.37,0,6.561,0,2.987,4.183,6.779,0,0,0,0,0,0,0,0,0,0,0,0,0,0,0,0,0,0,0,2.353,0,3.644,0,0,0,0,0,0,0,0,0,0,0,0,0,0,2.987,0,0,0,4.426,0,5.34,0,0,2.987,2.353,0,0,0,0,0,0,0,0,0,0,0,0,0,0,0,2.353,0,0,4.529,0,0,3.37,3.151,0,0,4.529,0,0,2.353,0,0,0,0,0,5.204,2.353,0,0,0
"w24.c5",5.247,1.386,0.693,0.693,0,0.693,1.946,2.773,4.454,0.693,0,1.386,1.099,0,0,0,0,0,0,12.482,8.132,0,5.303,7.245,0,0,7.864,0,0,0,0,0,0,0,0,0,0,0,0,0,0,0,0,0,0,0,0,0,0,0,0,0,0,0,0,0,0,0,6.295,4.529,0,0,3.37,0,0,2.987,0,2.353,0,0,0,2.353,0,0,0,0,4.183,0,0,3.858,4.529,4.706,0,0,7.682,0,0,8.261,0,2.987,0,5.46,0,0,2.353,0,0,0,2.353,0,0,3.37,2.353,0,0,2.353,0,0,0,0,0,0,0,3.37,0,0,0,0,0,0,0,0,0,0,0,0,0,0,0,0,0,0,4.034,0,4.183,2.353,0,0,0,0,0,0,0,0,0,0,0,0,0,0,0,0,0,0,0,0,0,0,0,0,2.987,4.973,0,0,0,0,0,0,0,0,0,0,0,7.276,0,0,0,2.987
"w24.c6",4.682,1.099,0,1.386,0,0,0,4.291,6.384,2.197,0.693,0,5.273,0,0,0,0,0,5.303,11.254,0,0,6.399,0,0,0,0,0,0,0,0,0,0,0,0,0,0,0,0,0,0,0,0,0,0,0,0,0,0,0,0,0,0,0,0,0,0,2.987,6.739,5.297,0,2.987,0,0,0,0,0,0,0,0,0,0,0,0,0,0,2.987,0,3.644,0,0,0,0,0,4.312,0,0,6.891,0,3.37,0,4.986,0,0,0,0,0,0,0,0,0,0,0,0,0,0,0,0,0,0,0,0,0,0,0,0,0,0,0,0,0,0,0,0,0,0,0,0,3.644,0,0,0,0,0,0,0,0,0,0,0,0,0,0,0,0,0,0,0,0,4.986,5.204,0,0,0,0,0,0,4.034,0,0,3.644,2.718,0,0,2.987,0,0,0,0,0,0,0,0,4.529,0,0,0,0
"w24.c7",4.263,1.099,0,0.693,0,0,0,2.565,5.258,2.89,0,0,0.693,0,0,0,0,0,0,11.753,8.962,5.303,4.615,5.994,0,0,0,0,0,0,0,0,0,0,0,0,0,0,0,0,0,0,0,0,0,0,0,0,0,0,0,0,0,0,0,0,0,2.987,6.75,5.204,0,2.353,0,2.987,0,5.045,0,2.987,0,0,0,0,2.987,0,0,0,3.37,0,0,4.529,0,3.37,0,0,6.372,2.353,0,7.116,0,0,0,5.533,0,2.987,2.353,0,0,0,0,0,2.353,0,0,0,0,0,0,0,0,0,0,0,0,2.987,0,0,0,0,0,0,0,0,0,0,0,0,0,0,2.987,0,0,0,3.37,0,5.154,0,0,0,0,0,0,0,0,0,0,0,0,0,0,0,0,0,0,0,2.353,0,0,0,0,0,0,4.428,0,0,3.37,0,0,2.353,0,0,0,0,0,5.252,0,0,0,0
"w24.c8",4.127,3.367,0.693,0,0,1.099,0,2.833,4.92,0.693,0,0,1.609,0,0,0,0,0,0,11.115,8.243,6.399,0,6.909,5.303,0,8.666,0,0,5.303,0,0,0,0,0,0,0,0,0,0,0,0,0,0,0,0,0,0,0,0,0,0,0,0,0,0,0,0,7.548,4.621,0,2.353,2.353,2.353,0,5.997,0,3.644,0,0,2.353,0,0,0,0,0,0,0,0,5.101,2.987,3.37,0,0,6.262,2.987,0,7.991,3.644,2.353,0,5.723,0,0,0,0,0,0,0,0,2.353,0,0,0,0,0,0,0,0,0,0,2.353,0,0,2.353,0,0,0,0,0,0,0,0,0,0,0,2.353,0,3.37,0,0,0,2.987,0,3.37,0,0,0,3.37,0,0,0,0,0,0,2.353,0,0,0,0,0,0,0,0,0,0,0,0,0,0,0,4.348,0,0,0,0,0,0,0,0,0,0,0,7.228,0,0,0,0
"w24.c9",5.142,0.693,0,0,0,0,0,4.533,4.159,3.135,0,1.099,4.942,0,0,0,0,0,0,11.637,0,0,0,4.615,5.303,0,0,0,0,0,0,0,0,0,0,0,0,0,0,5.303,0,0,0,0,0,0,0,0,0,0,0,0,0,0,0,0,0,0,6.176,5.422,0,4.183,0,0,0,3.37,0,4.034,0,0,0,2.353,0,0,0,0,2.987,0,2.987,0,0,0,0,0,5.997,0,0,8.32,0,3.37,0,6.1,0,0,0,0,0,0,0,0,0,0,0,0,0,0,0,0,0,0,0,2.987,0,0,0,0,0,0,0,0,0,0,0,0,0,0,0,0,0,0,0,0,0,0,4.621,0,0,0,0,0,0,0,0,0,0,2.987,0,0,0,4.923,6.43,0,0,0,0,0,0,0,0,0,2.987,2.478,0,0,5.46,0,0,0,0,0,0,0,0,2.987,0,0,0,3.644
"w24.c10",4.382,3.807,0,0,0,3.296,0,4.615,5.075,2.773,0,2.303,6.199,0,0,0,0,0,5.303,10.795,0,6.399,0,6.399,0,5.303,0,0,0,0,0,0,0,0,0,0,0,0,0,0,0,0,0,0,0,0,0,0,0,0,0,0,0,0,0,0,0,4.529,7.177,5.297,0,0,0,0,0,0,0,4.529,0,0,0,0,0,0,0,0,4.034,0,5.6,5.101,0,0,0,0,6.676,0,0,7.022,0,0,0,5.6,0,0,2.987,0,0,0,0,0,2.987,0,0,0,0,0,0,0,0,0,0,0,0,3.858,0,0,0,0,0,0,0,0,0,0,0,0,0,0,4.856,0,0,0,0,0,2.987,0,0,0,0,0,0,0,0,4.034,0,0,0,0,0,4.034,4.856,4.529,0,0,0,0,0,2.987,0,0,6.176,3.326,0,0,3.644,0,0,0,0,0,0,0,0,4.034,0,0,0,0
"w24.c11",4.331,0,0,0,0,2.197,0,2.773,5.342,1.099,2.485,1.386,0.693,0,2.773,0,0.693,0,0,12.758,5.994,5.994,0,0,0,0,0,0,0,0,0,0,0,0,0,0,0,0,4.615,0,0,0,0,0,0,0,0,0,0,0,0,0,0,0,0,0,0,0,6.51,2.987,0,0,0,2.353,0,3.858,0,0,0,0,0,0,0,0,0,0,0,0,0,0,3.644,2.353,0,0,6.194,0,0,7.095,2.353,0,0,5.533,0,0,0,0,0,0,0,0,2.353,0,0,0,0,0,0,0,0,0,0,0,0,0,0,0,0,0,0,0,0,0,0,0,0,0,2.353,0,4.034,0,0,0,2.353,0,3.37,0,0,0,0,0,0,0,0,0,0,0,0,0,0,0,0,0,0,0,0,0,0,2.987,2.353,0,3.644,4.503,0,0,0,0,0,0,0,0,0,0,0,7.705,0,0,0,2.987
"w24.c12",4.007,0,0,2.079,0,1.792,0,3.332,6.219,2.996,0,0,0,0,0,0,1.099,0,0,11.722,6.399,0,0,5.303,0,0,0,0,0,0,0,0,0,0,0,0,0,0,0,0,0,0,0,0,0,0,0,0,0,0,0,0,0,0,0,0,0,0,5.34,3.644,0,2.353,0,0,0,3.858,0,4.529,0,0,0,0,0,0,0,0,0,0,0,0,0,3.37,0,0,5.6,0,0,5.694,0,0,0,5.297,0,0,2.353,0,0,0,0,0,2.353,0,0,0,0,0,0,0,0,0,0,0,0,2.353,0,0,0,0,0,0,0,0,0,0,0,0,0,0,0,0,0,0,0,0,3.644,0,0,0,2.353,0,0,0,0,0,0,0,0,0,0,0,0,0,0,0,0,0,0,2.353,0,0,2.353,5.037,0,0,0,0,0,0,0,0,0,0,0,5.204,0,0,0,0
